titles,authors,result,images,address
Sra. Franck Rolleston,Gilbert Stuart,woman,https://assets.masp.org.br/uploads/collection/50zDMgEachVlAUueyfmFy2x9Qe2Atsqy.jpg,img/data_paintings/50zDMgEachVlAUueyfmFy2x9Qe2Atsqy.jpg
Vista de Salvador,Rafael Borjes de Oliveira,multiple_people,https://assets.masp.org.br/uploads/collection/jsAs5mcp412QkpbyBQ95wq1FDk2lUSwU.jpg,img/data_paintings/jsAs5mcp412QkpbyBQ95wq1FDk2lUSwU.jpg
Cabeça de mulher,Emiliano Di Cavalcanti,woman,https://assets.masp.org.br/uploads/collection/jTGy0d1sFvULi3mXdN1bOtOgY0YnEhhG.jpg,img/data_paintings/jTGy0d1sFvULi3mXdN1bOtOgY0YnEhhG.jpg
"Paisagem com um casal de camponeses, Sem data",Eugène Laermans,multiple_people,https://assets.masp.org.br/uploads/collection/PSIq5CGsE1HZimBh8JBK9dLZ3s2PWnFI.jpg,img/data_paintings/PSIq5CGsE1HZimBh8JBK9dLZ3s2PWnFI.jpg
"Vaca, Sem data",Émile Claus,no_people,https://assets.masp.org.br/uploads/collection/HRUb9ceWMArq2DmjFTBXhRhmcySOVhdR.jpg,img/data_paintings/HRUb9ceWMArq2DmjFTBXhRhmcySOVhdR.jpg
"O poeta Alberto de Oliveira, Sem data",Belmiro de Almeida,man,https://assets.masp.org.br/uploads/collection/ZxoD89XZNohuBL8hmI8RMUA6P75HJK5l.jpg,img/data_paintings/ZxoD89XZNohuBL8hmI8RMUA6P75HJK5l.jpg
"Dois meninos jogando bilboquê, Sem data",Belmiro de Almeida,multiple_men,https://assets.masp.org.br/uploads/collection/hQyDLsZRrKJfUMvOfoaWa4ca4S9T3atm.jpg,img/data_paintings/hQyDLsZRrKJfUMvOfoaWa4ca4S9T3atm.jpg
"Virgem em majestade com o Menino e dois anjos, circa 1275",Maestro del Bigallo,woman,https://assets.masp.org.br/uploads/collection/Ufhi5TsGQsTHMNZljnVLVZV5F1uaXIvB.jpg,img/data_paintings/Ufhi5TsGQsTHMNZljnVLVZV5F1uaXIvB.jpg
"A crucificação e a Virgem com o Menino Jesus entre anjos, santos e os símbolos dos evangelistas",Desconhecido (Pintor úmbrio),multiple_women,https://assets.masp.org.br/uploads/collection/bocduFKNW7kv5g1iSeBM7j3T1HGdSd3u.jpg,img/data_paintings/bocduFKNW7kv5g1iSeBM7j3T1HGdSd3u.jpg
São Jerônimo penitente no deserto,Andrea Mantegna,man,https://assets.masp.org.br/uploads/collection/3ixxtK1lV3bIUbqk9D5kSJDCfW4PdM3o.jpg,img/data_paintings/3ixxtK1lV3bIUbqk9D5kSJDCfW4PdM3o.jpg
Madona com o Menino entre santa Madalena e santo Estevão protomártir,Ottaviano Nelli,multiple_women,https://assets.masp.org.br/uploads/collection/fTJEiqJrIuMRjV3y0SrIxpk1pfdnKHSy.jpg,img/data_paintings/fTJEiqJrIuMRjV3y0SrIxpk1pfdnKHSy.jpg
A Virgem com o Menino de pé abraçando a Mãe (Madona Willys),Giovanni Bellini,woman,https://assets.masp.org.br/uploads/collection/k7Zg3L4zMlSovkxFPo9z6VOrY8EM6Kta.jpg,img/data_paintings/k7Zg3L4zMlSovkxFPo9z6VOrY8EM6Kta.jpg
Virgem com o Menino e são João Batista criança,Sandro Botticelli,woman,https://assets.masp.org.br/uploads/collection/WI6czfHfpurz5iuxa9epqX73Q47oewkB.jpg,img/data_paintings/WI6czfHfpurz5iuxa9epqX73Q47oewkB.jpg
"A Virgem em lamentação, são João e as pias mulheres da Galileia",Hans Memling,multiple_women,https://assets.masp.org.br/uploads/collection/ZT8CKBosWas28iVkRJHaZIvRoRRYoqDL.jpg,img/data_paintings/ZT8CKBosWas28iVkRJHaZIvRoRRYoqDL.jpg
"As tentações de santo Antão, circa 1500",Hieronymus Bosch,multiple_women,https://assets.masp.org.br/uploads/collection/ZjJqv7BJ0gclSadiTf8UxsgQH0T6CYo0.jpg,img/data_paintings/ZjJqv7BJ0gclSadiTf8UxsgQH0T6CYo0.jpg
Ressurreição de Cristo,Rafael,multiple_men,https://assets.masp.org.br/uploads/collection/XjnQKRy871U1elNoyLCl9gKqO5X2Hj4a.jpg,img/data_paintings/XjnQKRy871U1elNoyLCl9gKqO5X2Hj4a.jpg
São Sebastião na coluna,Pietro Perugino,woman,https://assets.masp.org.br/uploads/collection/M5dHuddCQEKLOOoU6McVDs7eSDb6nusI.jpg,img/data_paintings/M5dHuddCQEKLOOoU6McVDs7eSDb6nusI.jpg
"Virgem com o Menino, são João Batista criança e um anjo",Lippi-Pesellino (Imitador de),multiple_women,https://assets.masp.org.br/uploads/collection/mAMOO1BsGUhl3K6XG1S4D9WCWqsMURzV.jpg,img/data_paintings/mAMOO1BsGUhl3K6XG1S4D9WCWqsMURzV.jpg
A Virgem amamentando o Menino e são João Batista criança em adoração,Giampietrino,woman,https://assets.masp.org.br/uploads/collection/q73QVx53R3mjbAfjXARVWkOiFNdEuDy2.jpg,img/data_paintings/q73QVx53R3mjbAfjXARVWkOiFNdEuDy2.jpg
O casamento desigual,Quentin Metsys (Seguidor de),multiple_men,https://assets.masp.org.br/uploads/collection/LK2ZEkQZyyMZ6Ve2UMfXBjTtMo14a2rx.jpg,img/data_paintings/LK2ZEkQZyyMZ6Ve2UMfXBjTtMo14a2rx.jpg
Retrato de jovem aristocrata – Um jovem noivo da família Rava,"Lucas Cranach, o Antigo",woman,https://assets.masp.org.br/uploads/collection/OZRk1vHW5y7nlFOLyz3kIeFizKdeHBW0.jpg,img/data_paintings/OZRk1vHW5y7nlFOLyz3kIeFizKdeHBW0.jpg
"O poeta Henry Howard, conde de Surrey, circa 1542",Hans Holbein. o Jovem,man,https://assets.masp.org.br/uploads/collection/KNK8pFmml2UHUOrudX1MhPAsmJsMT41l.jpg,"img/data_paintings/O poeta Henry Howard, conde de Surrey, circa 1542.jpg"
"Cristo perante Pilatos, Sem data",Seguidor de Hieronymus Bosch,multiple_men,https://assets.masp.org.br/uploads/collection/EafPh6bEdkFPCdaGPZsr89hwnSr0fOkn.jpg,img/data_paintings/EafPh6bEdkFPCdaGPZsr89hwnSr0fOkn.jpg
Retrato de Alvise Contarini [?],Paris Bordon,man,https://assets.masp.org.br/uploads/collection/LiFPVWM58U9pcLsNuV5bsLLj8vCAwJvJ.jpg,img/data_paintings/LiFPVWM58U9pcLsNuV5bsLLj8vCAwJvJ.jpg
O juízo final e a missa de são Gregório,Mestre da Família Artés,multiple_women,https://assets.masp.org.br/uploads/collection/SK0bXuEyezmyiR5v6g8XTKvUr2Lsu6Mb.jpg,img/data_paintings/SK0bXuEyezmyiR5v6g8XTKvUr2Lsu6Mb.jpg
"Retrato de um fidalgo florentino (Piero de Medici [?]), Sem data",Alessandro Allori (Ateliê),man,https://assets.masp.org.br/uploads/collection/cReUKAWlv8Th1nVjGQAvAKKtJRkFVpjq.jpg,img/data_paintings/cReUKAWlv8Th1nVjGQAvAKKtJRkFVpjq.jpg
Retrato do cardeal Cristoforo Madruzzo,Ticiano,woman,https://assets.masp.org.br/uploads/collection/e5FgOw56rBjljKejvFVSQC02zE9MBy07.jpg,img/data_paintings/e5FgOw56rBjljKejvFVSQC02zE9MBy07.jpg
O banho de Diana,François Clouet,multiple_women,https://assets.masp.org.br/uploads/collection/y6cRDkVXo6LY8Pm8ZpIuzMeu6vjCAkpe.jpg,img/data_paintings/y6cRDkVXo6LY8Pm8ZpIuzMeu6vjCAkpe.jpg
Lamentação sobre o Cristo morto (ou Pietà),Jacopo Tintoretto,woman,https://assets.masp.org.br/uploads/collection/DT6lwQRVBTa8Qi9GgnVfewIRrEum9tuS.jpg,img/data_paintings/DT6lwQRVBTa8Qi9GgnVfewIRrEum9tuS.jpg
"Anunciação, circa 1600",El Greco,multiple_women,https://assets.masp.org.br/uploads/collection/Zm1dJviLS7aPJx0YIirrPVR208i8GFKo.jpg,img/data_paintings/Zm1dJviLS7aPJx0YIirrPVR208i8GFKo.jpg
Êxtase de são Francisco com os estigmas,El Greco,man,https://assets.masp.org.br/uploads/collection/oD8h1NmKSfJEy5e5bjBHktLurxvqBvBg.jpg,img/data_paintings/oD8h1NmKSfJEy5e5bjBHktLurxvqBvBg.jpg
"Aparição da Virgem com o Menino a santo Ubaldo, bispo de Gubbio, que indica ao fundo a cidade de Pesaro","Jacopo Palma, o Jovem",multiple_men,https://assets.masp.org.br/uploads/collection/6nMfn7uatJggkGqeMCOvoFMbHcuFDhVu.jpg,img/data_paintings/6nMfn7uatJggkGqeMCOvoFMbHcuFDhVu.jpg
"Retrato da marquesa Lomellini, com os filhos em oração, circa 1623",Anthony van Dyck,multiple_women,https://assets.masp.org.br/uploads/collection/W1MYSj3bftPjhzTAOTfUOaimo72Kjoiw.jpg,img/data_paintings/W1MYSj3bftPjhzTAOTfUOaimo72Kjoiw.jpg
Retrato do conde-duque de Olivares,Diego Velázquez,man,https://assets.masp.org.br/uploads/collection/WaYTrEfITjc4oBsU734bgxXJlAsXR4Zj.jpg,img/data_paintings/WaYTrEfITjc4oBsU734bgxXJlAsXR4Zj.jpg
Aparição do Menino Jesus a santo Antônio de Pádua [?],Francisco de Zurbarán,woman,https://assets.masp.org.br/uploads/collection/dVp5oX81VVcZU4aGYgEMpx1HePV6vBNi.jpg,img/data_paintings/dVp5oX81VVcZU4aGYgEMpx1HePV6vBNi.jpg
Oficial sentado,Frans Hals,man,https://assets.masp.org.br/uploads/collection/l7UJ9OpSTl2lTIycqw0PfqsS1eyt7DPK.jpg,img/data_paintings/l7UJ9OpSTl2lTIycqw0PfqsS1eyt7DPK.jpg
Himeneus travestido assistindo a uma dança em honra a Príapo,Nicolas Poussin,multiple_women,https://assets.masp.org.br/uploads/collection/fNK0NFDtBmiVJXbAbAtAwVBcB3pCoOzK.jpg,img/data_paintings/fNK0NFDtBmiVJXbAbAtAwVBcB3pCoOzK.jpg
"Retrato de jovem com corrente de ouro (autorretrato com corrente de ouro), circa 1635",Rembrandt e Ateliê,man,https://assets.masp.org.br/uploads/collection/otJgk8y1K9gMYrpPdLFUo8G2CnmmNLHS.jpg,img/data_paintings/otJgk8y1K9gMYrpPdLFUo8G2CnmmNLHS.jpg
O capitão Andries van Hoorn,Frans Hals,woman,https://assets.masp.org.br/uploads/collection/rNv8meqielngmD2yYtzHTqetKPbCln7F.jpg,img/data_paintings/rNv8meqielngmD2yYtzHTqetKPbCln7F.jpg
Maria Pietersdochter Olycan,Frans Hals,woman,https://assets.masp.org.br/uploads/collection/KxfBc9K6fkM9v8j7TfRLDwuOZWb6e88h.jpg,img/data_paintings/KxfBc9K6fkM9v8j7TfRLDwuOZWb6e88h.jpg
"Retrato de um desconhecido (William Howard, visconde de Stafford [?])",Anthony van Dyck,man,https://assets.masp.org.br/uploads/collection/K9w8fj3PWlB5WxjYTmUnmaA0MPW4U1mS.jpg,img/data_paintings/K9w8fj3PWlB5WxjYTmUnmaA0MPW4U1mS.jpg
Santa Inês,Francisco Zurbarán (Círculo de),woman,https://assets.masp.org.br/uploads/collection/qasQZfTKDtSjX6U7c6iwUUcEfExtRJmx.jpg,img/data_paintings/qasQZfTKDtSjX6U7c6iwUUcEfExtRJmx.jpg
Cachoeira de Paulo Afonso,Frans Post,multiple_men,https://assets.masp.org.br/uploads/collection/edgLzjPF4WT39XD8CgZAq1YUvoOMD7Pf.jpg,img/data_paintings/edgLzjPF4WT39XD8CgZAq1YUvoOMD7Pf.jpg
"O príncipe Johan Maurits van Nassau-Siegen, Sem data",Jan de Baen (Ateliê),man,https://assets.masp.org.br/uploads/collection/xMkoD4sllUkFWjiU6ZCw6h0xwwK3hMD6.jpg,img/data_paintings/xMkoD4sllUkFWjiU6ZCw6h0xwwK3hMD6.jpg
"Paisagem com tamanduá, circa 1660",Frans Post,no_people,https://assets.masp.org.br/uploads/collection/i6WFEzRMZ4peAd5P4WLY5Rp8U99cKCqZ.jpg,img/data_paintings/i6WFEzRMZ4peAd5P4WLY5Rp8U99cKCqZ.jpg
"Paisagem fluvial com balsa transportando animais, circa 1650",Salomon van Ruysdael,no_people,https://assets.masp.org.br/uploads/collection/fyuEauI06hObIEqwJXji4ajkjZiEhytW.jpg,img/data_paintings/fyuEauI06hObIEqwJXji4ajkjZiEhytW.jpg
O arquiduque Alberto VII da Aústria,Peter Paul Rubens,man,https://assets.masp.org.br/uploads/collection/BfvyOTk9TF8qX0LfzpcrFeBfvcuXqNie.jpg,img/data_paintings/BfvyOTk9TF8qX0LfzpcrFeBfvcuXqNie.jpg
Marinha,José Pancetti,no_people,https://assets.masp.org.br/uploads/collection/kzE5x7nav8PPJGGutXxJqD3MC3U4mkQj.jpg,img/data_paintings/kzE5x7nav8PPJGGutXxJqD3MC3U4mkQj.jpg
"Paisagem com jiboia, circa 1660",Frans Post,no_people,https://assets.masp.org.br/uploads/collection/lUN6gXqeqMB8OKtYLXEdEQGFG6yV1qOf.jpg,img/data_paintings/lUN6gXqeqMB8OKtYLXEdEQGFG6yV1qOf.jpg
Paisagem em Pernambuco com casa-grande,Frans Post,no_people,https://assets.masp.org.br/uploads/collection/2cEIdlATDQ8T5Zg6Egs0WHewl8qPNHyN.jpg,img/data_paintings/2cEIdlATDQ8T5Zg6Egs0WHewl8qPNHyN.jpg
Paisagem pernambucana com rio,Frans Post,no_people,https://assets.masp.org.br/uploads/collection/npsGBnjtgzBoozpiNrs7Xd4kvoYUVVLM.jpg,img/data_paintings/npsGBnjtgzBoozpiNrs7Xd4kvoYUVVLM.jpg
A rainha Tômiris,Giovanni Pellegrini,woman,https://assets.masp.org.br/uploads/collection/x2KoDfWsHPHxhWYFbEyvw55wrSp23UkE.jpg,img/data_paintings/x2KoDfWsHPHxhWYFbEyvw55wrSp23UkE.jpg
A toalete de Vênus,Michele Rocca,multiple_women,https://assets.masp.org.br/uploads/collection/68v5JwkrK87LlHaILymFdrzfB9Vim27J.jpg,img/data_paintings/68v5JwkrK87LlHaILymFdrzfB9Vim27J.jpg
O julgamento de Páris,Michele Rocca,multiple_women,https://assets.masp.org.br/uploads/collection/iBHjle0Gx76tIlfgseRm9OHm3g4zHU33.jpg,img/data_paintings/iBHjle0Gx76tIlfgseRm9OHm3g4zHU33.jpg
"Retrato de noiva com flores (Charlotte Aglaé d'Orléans, chamada mademoiselle de Valois?), circa 1720",Pierre Gobert,woman,https://assets.masp.org.br/uploads/collection/uhmLOiIXMjdICKGRL5rGHLxFspI8xpZk.jpg,img/data_paintings/uhmLOiIXMjdICKGRL5rGHLxFspI8xpZk.jpg
Piquenique durante a caçada,François Lemoyne,multiple_men,https://assets.masp.org.br/uploads/collection/50h81DTdjUqorW7DRr2O24mXScpTf2lk.jpg,img/data_paintings/50h81DTdjUqorW7DRr2O24mXScpTf2lk.jpg
Retrato de Auguste Gabriel Godefroy (Jeune Ecolier qui Joue au Toton),Jean-Baptiste-Siméon Chardin,woman,https://assets.masp.org.br/uploads/collection/15eImGGKGfx9Ed9uMZKz3GzqMItfbAHC.jpg,img/data_paintings/15eImGGKGfx9Ed9uMZKz3GzqMItfbAHC.jpg
"Louise-Henriette de Bourbon-Conti, condessa-duquesa de Orléans, como Hebe",Desconhecido (cópia de Jean-Marc Nattier),woman,https://assets.masp.org.br/uploads/collection/Tdlw2O1YU8xIUHvPanUZ7tfeKkcSFzQr.jpg,img/data_paintings/Tdlw2O1YU8xIUHvPanUZ7tfeKkcSFzQr.jpg
Parque Drinkstone (o bosque de Cornard [?]),Thomas Gainsborough,no_people,https://assets.masp.org.br/uploads/collection/ryafC31jLC2PGmxhRmyi9r7hAAfDn1m9.jpg,img/data_paintings/ryafC31jLC2PGmxhRmyi9r7hAAfDn1m9.jpg
"John Walter (ou Wharton) Tempest, com Cavalo",George Romney,man,https://assets.masp.org.br/uploads/collection/o8FpyRBlSwTmzAXCjYAzkiECMB3a40FX.jpg,img/data_paintings/o8FpyRBlSwTmzAXCjYAzkiECMB3a40FX.jpg
A educação faz tudo,Jean-Honoré Fragonard,multiple_women,https://assets.masp.org.br/uploads/collection/NI7yCAgsqWzBrnNuRE5DQL1jFjnagGSR.jpg,img/data_paintings/NI7yCAgsqWzBrnNuRE5DQL1jFjnagGSR.jpg
"A continência de Cipião, circa 1750",Francesco Zugno,multiple_women,https://assets.masp.org.br/uploads/collection/feWnYt1ZTZPSga1qdnfuvtDF4qWEZ9PW.jpg,img/data_paintings/feWnYt1ZTZPSga1qdnfuvtDF4qWEZ9PW.jpg
Reunião num parque,Jean-Baptiste Pater,multiple_women,https://assets.masp.org.br/uploads/collection/lENYI70sFlZxyeUJ7mxuYqgl4ef4K4o8.jpg,img/data_paintings/lENYI70sFlZxyeUJ7mxuYqgl4ef4K4o8.jpg
"Madame Louise-Elisabeth, duquesa de Parma (madame l´enfante) – A terra",Jean-Marc Nattier,woman,https://assets.masp.org.br/uploads/collection/cjUVxPEvO87YKt9MnAheHsku9f3zYJSS.jpg,img/data_paintings/cjUVxPEvO87YKt9MnAheHsku9f3zYJSS.jpg
O poeta abandona o vício pela virtude. Hércules na encruzilhada,François Boucher,multiple_men,https://assets.masp.org.br/uploads/collection/8i8ZPifMrZ0cfz5mbKjfwmuNXzDov4SA.jpg,img/data_paintings/8i8ZPifMrZ0cfz5mbKjfwmuNXzDov4SA.jpg
Madame Anne-Henriette de France – O fogo,Jean-Marc Nattier,woman,https://assets.masp.org.br/uploads/collection/ZgRLJXzT83OGKKYhb8Ms0a3mMUzB9s20.jpg,img/data_paintings/ZgRLJXzT83OGKKYhb8Ms0a3mMUzB9s20.jpg
Madame Marie-Adélaïde de France – O ar,Jean-Marc Nattier,woman,https://assets.masp.org.br/uploads/collection/s2QzGH0rgdlYd4PDUJZbd4dAR6cP5zsJ.jpg,img/data_paintings/s2QzGH0rgdlYd4PDUJZbd4dAR6cP5zsJ.jpg
Madame Marie-Louise-Thérèse-Victoire de France – A água,Jean-Marc Nattier,woman,https://assets.masp.org.br/uploads/collection/pGqPMv1u1sw1v20bHAk4kQiJ9iSsJ0d8.jpg,img/data_paintings/pGqPMv1u1sw1v20bHAk4kQiJ9iSsJ0d8.jpg
O duque de Berry e o conde de Provença quando crianças,François-Hubert Drouais,multiple_women,https://assets.masp.org.br/uploads/collection/HqPcQ595MTrYWFRiaE2FvZ7aN1ZrdRBZ.jpg,img/data_paintings/HqPcQ595MTrYWFRiaE2FvZ7aN1ZrdRBZ.jpg
"Elisabeth, Sarah e Edward, filhos de Edward Holden Cruttenden, circa 1763",Joshua Reynolds,multiple_women,https://assets.masp.org.br/uploads/collection/DlMcK28wtbtQ9km3Ne7oyRRz3ftxqD2p.jpg,img/data_paintings/DlMcK28wtbtQ9km3Ne7oyRRz3ftxqD2p.jpg
"Retrato da senhora John Bolton, circa 1770",Thomas Gainsborough,woman,https://assets.masp.org.br/uploads/collection/tLQa2NLCjkxquLfIdpiFqN6K24eTlIGw.jpg,img/data_paintings/tLQa2NLCjkxquLfIdpiFqN6K24eTlIGw.jpg
Retrato de um membro da Casa Habsburgo-Lorena,Desconhecido (Pintor austríaco),man,https://assets.masp.org.br/uploads/collection/ZwBeIYbDI1AyqrkGBoaQPPm1PWIOto1H.jpg,img/data_paintings/ZwBeIYbDI1AyqrkGBoaQPPm1PWIOto1H.jpg
"Johann Christian Bruch, circa 1771",Desconhecido (Pintor alemão),man,https://assets.masp.org.br/uploads/collection/SomLg3Bz0AHo4nxCb8gLszTW1gYTxeEx.jpg,img/data_paintings/SomLg3Bz0AHo4nxCb8gLszTW1gYTxeEx.jpg
"Retrato de Elisabeth-Sophie-Constance de Lowendahl, condessa de Turpin de Crissé",Jean-Honoré Fragonard,woman,https://assets.masp.org.br/uploads/collection/xoK0v8m5YencZ3da0rjHTjGsKY3Quh68.jpg,img/data_paintings/xoK0v8m5YencZ3da0rjHTjGsKY3Quh68.jpg
Retrato de Luís XVI,Antoine-François Callet,man,https://assets.masp.org.br/uploads/collection/8xIAPNwb9XwGuNDnECqvmbEB2E009mm0.jpg,img/data_paintings/8xIAPNwb9XwGuNDnECqvmbEB2E009mm0.jpg
"Francis Rawdon, primeiro marquês de Hastings e segundo conde de Moira",Thomas Gainsborough,man,https://assets.masp.org.br/uploads/collection/EB8ctT8lblqbDPtaYE52Gw8TqhKPIgD5.jpg,img/data_paintings/EB8ctT8lblqbDPtaYE52Gw8TqhKPIgD5.jpg
"Retrato de uma dama com livro junto a uma fonte, circa 1785",Antoine Vestier,woman,https://assets.masp.org.br/uploads/collection/SWV3Mk52Fevd29gOhLRi8hiTKY5CuNBc.jpg,img/data_paintings/SWV3Mk52Fevd29gOhLRi8hiTKY5CuNBc.jpg
Autorretrato de Leonor de Almeida Portugal de Lorena e Lencastre,Alcipe (Leonor de Almeida Portugal de Lorena e Lencastre),woman,https://assets.masp.org.br/uploads/collection/rGNa0QefGARkxAHIyokAq2QAtYGFG3eD.jpg,img/data_paintings/rGNa0QefGARkxAHIyokAq2QAtYGFG3eD.jpg
Retrato do cardeal don Luis Maria de Borbon y Vallabriga,Francisco Goya y Lucientes,woman,https://assets.masp.org.br/uploads/collection/Dkipl5aMsQxycSNXa5unjMPwTkE6ZEZ1.jpg,img/data_paintings/Dkipl5aMsQxycSNXa5unjMPwTkE6ZEZ1.jpg
Retrato da condessa de Casa Flores,Francisco Goya y Lucientes,woman,https://assets.masp.org.br/uploads/collection/tdue53R9lgIIkxSn9QusjcgdJJsMX2mX.jpg,img/data_paintings/tdue53R9lgIIkxSn9QusjcgdJJsMX2mX.jpg
"Retrato de D. Carlota Joaquina, rainha de Portugal",Domingos António de Sequeira,woman,https://assets.masp.org.br/uploads/collection/z3pZ4gmmPWh9z48Lhb0oH236ahauvrIH.jpg,img/data_paintings/z3pZ4gmmPWh9z48Lhb0oH236ahauvrIH.jpg
"Retrato de D. João VI, rei de Portugal",Domingos António de Sequeira,man,https://assets.masp.org.br/uploads/collection/DKWtDt6cVuY6ckRZjNYQMWSNmTAGKIoX.jpg,img/data_paintings/DKWtDt6cVuY6ckRZjNYQMWSNmTAGKIoX.jpg
Os filhos de sir Samuel Fludyer,Thomas Lawrence,multiple_women,https://assets.masp.org.br/uploads/collection/mTT6MSYOwzOiVG7Tl0xlTq8rH5VaXeYo.jpg,img/data_paintings/mTT6MSYOwzOiVG7Tl0xlTq8rH5VaXeYo.jpg
Retrato de Fernando VII,Francisco Goya y Lucientes,man,https://assets.masp.org.br/uploads/collection/0WWvGkLbEDqWbusq6Fv9FkUhGxHfNdHw.jpg,img/data_paintings/0WWvGkLbEDqWbusq6Fv9FkUhGxHfNdHw.jpg
General sir William Maxwell,Henry Raeburn,man,https://assets.masp.org.br/uploads/collection/CymsAvDyQig191wx8frGNfO5UrG5tl5z.jpg,img/data_paintings/CymsAvDyQig191wx8frGNfO5UrG5tl5z.jpg
Paisagem da Guanabara,Thomas Ender,multiple_people,https://assets.masp.org.br/uploads/collection/T2hoYTQDKFACtKcqZOOJZ8Qz3IFYdX8c.jpg,img/data_paintings/T2hoYTQDKFACtKcqZOOJZ8Qz3IFYdX8c.jpg
Johann Carl Friedrich Bruch,Johann Georg Schlesinger,man,https://assets.masp.org.br/uploads/collection/hlir8ZRFWj71Uomj37AsWFX5QbVCBZdQ.jpg,img/data_paintings/hlir8ZRFWj71Uomj37AsWFX5QbVCBZdQ.jpg
Friderike Phillipine Bruch,Johann Georg Schlesinger,woman,https://assets.masp.org.br/uploads/collection/HOvXkyez0KhihnPPh3Jmufi0EjY41lDx.jpg,img/data_paintings/HOvXkyez0KhihnPPh3Jmufi0EjY41lDx.jpg
A catedral de Salisbury vista do Jardim do Bispo,John Constable,multiple_people,https://assets.masp.org.br/uploads/collection/VSDfCeAOEgcI1yca4cbjH03G7ehxRJSi.jpg,img/data_paintings/VSDfCeAOEgcI1yca4cbjH03G7ehxRJSi.jpg
"Lord Charles Stuart, circa 1825",Desconhecido (Pintor inglês),woman,https://assets.masp.org.br/uploads/collection/UbGE2QxDX8XV5OAQd6N8YYpRLTONEiKk.jpg,img/data_paintings/UbGE2QxDX8XV5OAQd6N8YYpRLTONEiKk.jpg
Panorama da Baía de Guanabara,Maria Graham,no_people,https://assets.masp.org.br/uploads/collection/gB4xveFHkLbxJ0pioGV4iRhJZ8RJrN64.jpg,img/data_paintings/gB4xveFHkLbxJ0pioGV4iRhJZ8RJrN64.jpg
A Virgem do véu azul,Jean-Auguste Dominique Ingres,woman,https://assets.masp.org.br/uploads/collection/hzCPHCFaDerkZ9ohIoVLrlmQk94Y6gmv.jpg,img/data_paintings/hzCPHCFaDerkZ9ohIoVLrlmQk94Y6gmv.jpg
O castelo de Caernarvon,William Turner,no_people,https://assets.masp.org.br/uploads/collection/dK8RS7monAxiEOq0i8TUwXzljktQCQdR.jpg,img/data_paintings/dK8RS7monAxiEOq0i8TUwXzljktQCQdR.jpg
Cristo abençoador,Jean-Auguste Dominique Ingres,man,https://assets.masp.org.br/uploads/collection/uwMHtnF1115h2AdDeNRI92ObpRjnS2vR.jpg,img/data_paintings/uwMHtnF1115h2AdDeNRI92ObpRjnS2vR.jpg
"Jovem de ombro nu, circa 1835",Jean-Baptiste Camille Corot,woman,https://assets.masp.org.br/uploads/collection/yABr3pQVa3oBNs94D4Q9NEwNdxXCD0lo.jpg,img/data_paintings/yABr3pQVa3oBNs94D4Q9NEwNdxXCD0lo.jpg
Laurent-Denis Sennegon,Jean-Baptiste Camille Corot,man,https://assets.masp.org.br/uploads/collection/f3cvXT86lg1ooToBNBHhR6adc43MJHlU.jpg,img/data_paintings/f3cvXT86lg1ooToBNBHhR6adc43MJHlU.jpg
Zélie Courbet,Gustave Courbet,woman,https://assets.masp.org.br/uploads/collection/KwoDHyLZd90Oz2bX29B4KHbK9b7xIgYl.jpg,img/data_paintings/KwoDHyLZd90Oz2bX29B4KHbK9b7xIgYl.jpg
Interior com menina que lê,Henrique Bernardelli,woman,https://assets.masp.org.br/uploads/collection/05ZDs0RHshgtvjdk8oWMN490rqk1JM0c.jpg,img/data_paintings/05ZDs0RHshgtvjdk8oWMN490rqk1JM0c.jpg
Paisagem de Ouro Preto,Henrique Bernardelli,multiple_people,https://assets.masp.org.br/uploads/collection/9v8ldZU8qImMFKDLt1HzMJ8sZ1tBoc1e.jpg,img/data_paintings/9v8ldZU8qImMFKDLt1HzMJ8sZ1tBoc1e.jpg
A primavera – Eurídice colhendo flores é mordida por uma cobra (A morte de Eurídice) – As quatro estações de Hartmann,Eugène Delacroix,multiple_men,https://assets.masp.org.br/uploads/collection/nn45P7nsfKLHw7h2lW3toBAsGu65BY9N.jpg,img/data_paintings/nn45P7nsfKLHw7h2lW3toBAsGu65BY9N.jpg
O verão – Diana surpreendida por Acteão,Eugène Delacroix,multiple_men,https://assets.masp.org.br/uploads/collection/X7Txi51C5N5gPEiUmlxI8adzCDyFwpS3.jpg,img/data_paintings/X7Txi51C5N5gPEiUmlxI8adzCDyFwpS3.jpg
O outono – Baco e Ariadne,Eugène Delacroix,multiple_men,https://assets.masp.org.br/uploads/collection/OB0luosge285trbUedkJjtRy2ainu6Tp.jpg,img/data_paintings/OB0luosge285trbUedkJjtRy2ainu6Tp.jpg
O inverno – Juno implora a Eolo a destruição da frota de Ulisses,Eugène Delacroix,multiple_men,https://assets.masp.org.br/uploads/collection/03pThEYpokTdsOfrWF1kBUP51g51JlD8.jpg,img/data_paintings/03pThEYpokTdsOfrWF1kBUP51g51JlD8.jpg
Ponta da Armação em Niterói,Henry Chamberlain,multiple_men,https://assets.masp.org.br/uploads/collection/sQAqT7Gwtsuu0szSQ3hUEmQZZ4q91mDM.jpg,img/data_paintings/sQAqT7Gwtsuu0szSQ3hUEmQZZ4q91mDM.jpg
A ponta do calabouço,Henry Chamberlain,multiple_men,https://assets.masp.org.br/uploads/collection/yoOlUFHYVDDPlFojofoeL8z8WSvNm4rz.jpg,img/data_paintings/yoOlUFHYVDDPlFojofoeL8z8WSvNm4rz.jpg
Retrato de don Juan Antonio Llorente,Francisco Goya y Lucientes,woman,https://assets.masp.org.br/uploads/collection/1PNjFNpxm5x7DR686kdwWMb73KTxId6M.jpg,img/data_paintings/1PNjFNpxm5x7DR686kdwWMb73KTxId6M.jpg
"Busto masculino, Sem data",José Ferraz de Almeida Júnior,man,https://assets.masp.org.br/uploads/collection/VQNG8nswBmyplI1TxPjzDjTpBsdl1LVL.jpg,img/data_paintings/VQNG8nswBmyplI1TxPjzDjTpBsdl1LVL.jpg
"Moça com livro, Sem data",José Ferraz de Almeida Júnior,woman,https://assets.masp.org.br/uploads/collection/VdH9dEHYuTjJhvWeS6j6WrbBcZoyLlZU.jpg,img/data_paintings/VdH9dEHYuTjJhvWeS6j6WrbBcZoyLlZU.jpg
Cachoeira de Paulo Afonso,E. F. Schute,multiple_men,https://assets.masp.org.br/uploads/collection/zDGhuLdR08PJk3lgsVGUiSXlk0Y61lnR.jpg,img/data_paintings/zDGhuLdR08PJk3lgsVGUiSXlk0Y61lnR.jpg
Angélica acorrentada,Jean-Auguste Dominique Ingres,woman,https://assets.masp.org.br/uploads/collection/f1wjKvB0nPGRv7w99ZWBBL4h0QpRD6Ks.jpg,img/data_paintings/f1wjKvB0nPGRv7w99ZWBBL4h0QpRD6Ks.jpg
Paisagem com camponesa,Jean-Baptiste Camille Corot,no_people,https://assets.masp.org.br/uploads/collection/EAxuj8egGJF5UyKYMptP6QtWjuaIJ2S3.jpg,img/data_paintings/EAxuj8egGJF5UyKYMptP6QtWjuaIJ2S3.jpg
Natureza-Morta com macaco e violão (arte e gulodice),Antoine Vollon,woman,https://assets.masp.org.br/uploads/collection/jK84FFyeLDD3rApLtRro1OHLgfoy86wH.jpg,img/data_paintings/jK84FFyeLDD3rApLtRro1OHLgfoy86wH.jpg
Dom Pedro II,Victor Meirelles,man,https://assets.masp.org.br/uploads/collection/dxSDvkFF9SKQ2xLaPFRCpHb6a0Nj5LEy.jpg,img/data_paintings/dxSDvkFF9SKQ2xLaPFRCpHb6a0Nj5LEy.jpg
Dona Tereza Cristina,Victor Meirelles,woman,https://assets.masp.org.br/uploads/collection/h0wZeZaDL8LG2fZfjldHpHJXiPFbz0NL.jpg,img/data_paintings/h0wZeZaDL8LG2fZfjldHpHJXiPFbz0NL.jpg
Paisagem nos arredores do Rio de Janeiro,Henri Nicolas Vinet,no_people,https://assets.masp.org.br/uploads/collection/PteRTtMfjPVTuJkLylfgwbavrVbryzol.jpg,img/data_paintings/PteRTtMfjPVTuJkLylfgwbavrVbryzol.jpg
Moema,Victor Meirelles,woman,https://assets.masp.org.br/uploads/collection/ZudIWmwhUBTWRCgR2oFleorjoKBSSqlm.jpg,img/data_paintings/ZudIWmwhUBTWRCgR2oFleorjoKBSSqlm.jpg
O pintor Le Coeur caçando na floresta de Fontainebleau,Pierre-Auguste Renoir,man,https://assets.masp.org.br/uploads/collection/XbIIQayjDgweOisp2kCmIwtBc1y5d3uq.jpg,img/data_paintings/XbIIQayjDgweOisp2kCmIwtBc1y5d3uq.jpg
Cipião,Paul Cézanne,man,https://assets.masp.org.br/uploads/collection/6XXPZZLFLxLVTcizsNDCSTgLpTuJj9zl.jpg,img/data_paintings/6XXPZZLFLxLVTcizsNDCSTgLpTuJj9zl.jpg
Vista de Desterro (Florianópolis),Joseph Bruggemann,no_people,https://assets.masp.org.br/uploads/collection/IqcdlhdSnsgysgdtsvor4dkDABY7eSak.jpg,img/data_paintings/IqcdlhdSnsgysgdtsvor4dkDABY7eSak.jpg
Paul Alexis lê um manuscrito a Zola,Paul Cézanne,multiple_men,https://assets.masp.org.br/uploads/collection/fmuqS4qjYbDIxRFoAn9BGFIG5d1ykaTx.jpg,img/data_paintings/fmuqS4qjYbDIxRFoAn9BGFIG5d1ykaTx.jpg
Enseada do Botafogo,Nicolau Facchinetti,no_people,https://assets.masp.org.br/uploads/collection/7NJ8ROX5bHyjUsrSrksg6VBXOUCAAkw7.jpg,img/data_paintings/7NJ8ROX5bHyjUsrSrksg6VBXOUCAAkw7.jpg
A banhista e o cão griffon – Lise à beira do Sena,Pierre-Auguste Renoir,woman,https://assets.masp.org.br/uploads/collection/fojdfnUturAb1LZITDt4U9ophEc0EfMM.jpg,img/data_paintings/fojdfnUturAb1LZITDt4U9ophEc0EfMM.jpg
A amazona – Retrato de Marie Lefébure,Édouard Manet,woman,https://assets.masp.org.br/uploads/collection/Wu4AI4PpPlaUvVlSkr8OfbVgrurKh71g.jpg,img/data_paintings/Wu4AI4PpPlaUvVlSkr8OfbVgrurKh71g.jpg
Juliette Courbet,Gustave Courbet,woman,https://assets.masp.org.br/uploads/collection/tAKXXJdBjyY8vHzNt7BT32KnIWn6erYD.jpg,img/data_paintings/tAKXXJdBjyY8vHzNt7BT32KnIWn6erYD.jpg
O Dr. José Maria Chaves,Victor Meirelles,man,https://assets.masp.org.br/uploads/collection/4yUgwlmlguLsb5NrIXLNoaronrkaHKbn.jpg,img/data_paintings/4yUgwlmlguLsb5NrIXLNoaronrkaHKbn.jpg
Cigana com bandolim,Jean-Baptiste Camille Corot,woman,https://assets.masp.org.br/uploads/collection/K6CuWOsSHE0wupZljBk8SHDDumYrqXzK.jpg,img/data_paintings/K6CuWOsSHE0wupZljBk8SHDDumYrqXzK.jpg
Rosas num copo,Jean-Baptiste Camille Corot,woman,https://assets.masp.org.br/uploads/collection/rfODECRwxHhv3Vxi09fE1vfHOUFasErK.jpg,img/data_paintings/rfODECRwxHhv3Vxi09fE1vfHOUFasErK.jpg
Monge capuchinho,José Ferraz de Almeida Júnior,man,https://assets.masp.org.br/uploads/collection/5Ze7gaJsw9gknoVKjdhxTjAJV6ZpztZo.jpg,img/data_paintings/5Ze7gaJsw9gknoVKjdhxTjAJV6ZpztZo.jpg
Banhistas no Sena – Academia,Édouard Manet,multiple_women,https://assets.masp.org.br/uploads/collection/JCZTh9PUcG5YQz3hbZH6QxPvRMR1QrMv.jpg,img/data_paintings/JCZTh9PUcG5YQz3hbZH6QxPvRMR1QrMv.jpg
O artista – Retrato de Marcellin Desboutin,Édouard Manet,man,https://assets.masp.org.br/uploads/collection/0MvH3Yuq7FxapqT353gcxvfD6nPdq8OV.jpg,img/data_paintings/0MvH3Yuq7FxapqT353gcxvfD6nPdq8OV.jpg
Dama sorrindo (retrato de Alphonsine Fournaise),Pierre-Auguste Renoir,woman,https://assets.masp.org.br/uploads/collection/RihgDBtCWn5lCHmr8fXXk0sE3TlJ7feF.jpg,img/data_paintings/RihgDBtCWn5lCHmr8fXXk0sE3TlJ7feF.jpg
Oficiais alemães prestam homenagem a prisioneiros franceses feridos,Jean Baptiste Édouard Detaille,multiple_men,https://assets.masp.org.br/uploads/collection/8nTj0kDM0baYjWTpukQAp4xDvcmAQBUA.jpg,img/data_paintings/8nTj0kDM0baYjWTpukQAp4xDvcmAQBUA.jpg
Retrato da condessa de Pourtalès,Pierre-Auguste Renoir,woman,https://assets.masp.org.br/uploads/collection/6vaw3jz41cc8gWW7hM5R1cCfAsxXYqaA.jpg,img/data_paintings/6vaw3jz41cc8gWW7hM5R1cCfAsxXYqaA.jpg
Rochedos em L’Estaque,Paul Cézanne,no_people,https://assets.masp.org.br/uploads/collection/nE7KGEYqB6F4YFeHSogyBcQkw6OCa58I.jpg,img/data_paintings/nE7KGEYqB6F4YFeHSogyBcQkw6OCa58I.jpg
Retrato de Marthe Bérard,Pierre-Auguste Renoir,woman,https://assets.masp.org.br/uploads/collection/H1S38lwcS3HW0HiX9QGl8wNlzyBCSsED.jpg,img/data_paintings/H1S38lwcS3HW0HiX9QGl8wNlzyBCSsED.jpg
A condessa Adèle de Toulouse-Lautrec,Henri de Toulouse-Lautrec,woman,https://assets.masp.org.br/uploads/collection/x8f5QGPJ48OqU4LiuwYsjv4y9Z8USQK9.jpg,img/data_paintings/x8f5QGPJ48OqU4LiuwYsjv4y9Z8USQK9.jpg
"O senhor Eugène Pertuiset, caçador de leões",Édouard Manet,man,https://assets.masp.org.br/uploads/collection/15oC8GgvqypLh6Zi65hc0FN6zybPDBsA.jpg,img/data_paintings/15oC8GgvqypLh6Zi65hc0FN6zybPDBsA.jpg
Rosa e azul – As meninas Cahen d’Anvers,Pierre-Auguste Renoir,multiple_women,https://assets.masp.org.br/uploads/collection/q3jlwDAxkOhMn7dcqal9KEIa4vDpH2e7.jpg,img/data_paintings/q3jlwDAxkOhMn7dcqal9KEIa4vDpH2e7.jpg
O ateliê do estatuário Simões de Almeida,José Malhoa,man,https://assets.masp.org.br/uploads/collection/7IyNg4X7tgn3a1cIA3NLDcq08aHAEbQ2.jpg,img/data_paintings/7IyNg4X7tgn3a1cIA3NLDcq08aHAEbQ2.jpg
Panorama da Baía de Guanabara,Caroline Gower,no_people,https://assets.masp.org.br/uploads/collection/vshRQDnK6WVRNVvoZKgpTvSzenVaeKv2.jpg,img/data_paintings/vshRQDnK6WVRNVvoZKgpTvSzenVaeKv2.jpg
"Mulher enxugando o braço esquerdo (após o banho), circa 1884",Edgar Degas,woman,https://assets.masp.org.br/uploads/collection/fX0ZWZk42zxso1FhCwSGoy4fuLaa8SsY.jpg,img/data_paintings/fX0ZWZk42zxso1FhCwSGoy4fuLaa8SsY.jpg
"Natureza-morta com prato, vaso e flores","Desconhecido, anteriormente atribuído a Vincent van Gogh",woman,https://assets.masp.org.br/uploads/collection/miB6ysVKGoZJLhrTslUe3U3ybCzLXIfg.jpg,img/data_paintings/miB6ysVKGoZJLhrTslUe3U3ybCzLXIfg.jpg
Barcas à margem do rio,Emmanuel Zamor,no_people,https://assets.masp.org.br/uploads/collection/Zry7Jxe0SLcO8vcS8GXgSyJ013QklunC.jpg,img/data_paintings/Zry7Jxe0SLcO8vcS8GXgSyJ013QklunC.jpg
Marinha com barco,João Baptista Castagneto,no_people,https://assets.masp.org.br/uploads/collection/rdIQyol60n6R95yd2L5KaHKh50iqoH83.jpg,img/data_paintings/rdIQyol60n6R95yd2L5KaHKh50iqoH83.jpg
Cais do Mercado em Santos,Benedito Calixto,multiple_people,https://assets.masp.org.br/uploads/collection/lpIJEPhGbWZosHxp98AhgEkmwwX0JLZZ.jpg,img/data_paintings/lpIJEPhGbWZosHxp98AhgEkmwwX0JLZZ.jpg
Alegoria da pintura sobre cerâmica,Columbano,multiple_women,https://assets.masp.org.br/uploads/collection/46mSHGdByJBAuOd7rXbEtcmbJfOmnnnA.jpg,img/data_paintings/46mSHGdByJBAuOd7rXbEtcmbJfOmnnnA.jpg
O ateliê do artista,José Ferraz de Almeida Júnior,woman,https://assets.masp.org.br/uploads/collection/GWAisbJHeMRuXX1az2bDfs9iYTPcxugo.jpg,img/data_paintings/GWAisbJHeMRuXX1az2bDfs9iYTPcxugo.jpg
Peixe,Pedro Alexandrino,woman,https://assets.masp.org.br/uploads/collection/n9IqN4fneNu5PD0hJ1J46rQyxx5UI7JF.jpg,img/data_paintings/n9IqN4fneNu5PD0hJ1J46rQyxx5UI7JF.jpg
Uma salva em dia de grande gala na Baía do Rio de Janeiro,João Baptista Castagneto,multiple_men,https://assets.masp.org.br/uploads/collection/qz4YQyfXVbe8ssRo2v7RVAAOjjhNbeoI.jpg,img/data_paintings/qz4YQyfXVbe8ssRo2v7RVAAOjjhNbeoI.jpg
Casa de quarentena na Ilha Grande,Nicolau Facchinetti,no_people,https://assets.masp.org.br/uploads/collection/wdhPk85drM59jWbAmRbyJD3looJWkdPZ.jpg,img/data_paintings/wdhPk85drM59jWbAmRbyJD3looJWkdPZ.jpg
Madame Cézanne em vermelho,Paul Cézanne,woman,https://assets.masp.org.br/uploads/collection/Nqgfy9HFN4YyFr3mnZRRuFdYbbGGDiAS.jpg,img/data_paintings/Nqgfy9HFN4YyFr3mnZRRuFdYbbGGDiAS.jpg
O grande pinheiro,Paul Cézanne,no_people,https://assets.masp.org.br/uploads/collection/WQv0bzGFQtEqxvEJENcqkbyo1uF9KRoi.jpg,img/data_paintings/WQv0bzGFQtEqxvEJENcqkbyo1uF9KRoi.jpg
O escolar (O filho do carteiro – Gamin au Képi),Vincent van Gogh,woman,https://assets.masp.org.br/uploads/collection/ajTF4SbSv0uinF9u3fj3mndSU8TNG67d.jpg,img/data_paintings/ajTF4SbSv0uinF9u3fj3mndSU8TNG67d.jpg
Menina com as espigas,Pierre-Auguste Renoir,woman,https://assets.masp.org.br/uploads/collection/HDZiTBDbqkXTlUb8vVdvfeBuuNy1ljZQ.jpg,img/data_paintings/HDZiTBDbqkXTlUb8vVdvfeBuuNy1ljZQ.jpg
Recanto da Praia de Icaraí,Nicolau Facchinetti,no_people,https://assets.masp.org.br/uploads/collection/FIiCXnlOsnpraGb38zmfg7keU0G0W2eZ.jpg,img/data_paintings/FIiCXnlOsnpraGb38zmfg7keU0G0W2eZ.jpg
Monsieur Fourcade,Henri de Toulouse-Lautrec,multiple_women,https://assets.masp.org.br/uploads/collection/qVuC9eONqi7pn5RgAZ13K0AbRmTSicQW.jpg,img/data_paintings/qVuC9eONqi7pn5RgAZ13K0AbRmTSicQW.jpg
Caio da Silva Prado,Pedro Américo,man,https://assets.masp.org.br/uploads/collection/0wn0XKA2nOWIEhNE1gErhGSbtjmw5KqY.jpg,img/data_paintings/0wn0XKA2nOWIEhNE1gErhGSbtjmw5KqY.jpg
Niterói,Nicolau Facchinetti,no_people,https://assets.masp.org.br/uploads/collection/IWevaJPfNI4DpVR4rsaykGSyY0LP3Aaz.jpg,img/data_paintings/IWevaJPfNI4DpVR4rsaykGSyY0LP3Aaz.jpg
Banco de pedra no asilo de Saint-Remy,Vincent van Gogh,no_people,https://assets.masp.org.br/uploads/collection/qXPWeGoLHxGNG5MtVX8UJl5DTCRnonTO.jpg,img/data_paintings/qXPWeGoLHxGNG5MtVX8UJl5DTCRnonTO.jpg
"A canoa sobre o Epte, circa 1890",Claude Monet,multiple_women,https://assets.masp.org.br/uploads/collection/SJgatLhJRb4sOQMXYCF6HzcDpvL66AmY.jpg,img/data_paintings/SJgatLhJRb4sOQMXYCF6HzcDpvL66AmY.jpg
Quatro bailarinas em cena,Edgar Degas,multiple_women,https://assets.masp.org.br/uploads/collection/KaemapMYXLCxL4eCGx4XMVJNvunb2294.jpg,img/data_paintings/KaemapMYXLCxL4eCGx4XMVJNvunb2294.jpg
O Canal Grande em Veneza,Félix Ziem,multiple_women,https://assets.masp.org.br/uploads/collection/1OeV7lR4bh6FXpRaHDgji2vJlahRvKUk.jpg,img/data_paintings/1OeV7lR4bh6FXpRaHDgji2vJlahRvKUk.jpg
Wilhelm Bruch,Hermann Petzet,man,https://assets.masp.org.br/uploads/collection/JnoUNhdEiNPfbNCg2kUbWzaSEA4uyTbG.jpg,img/data_paintings/JnoUNhdEiNPfbNCg2kUbWzaSEA4uyTbG.jpg
A arlesiana,Vincent van Gogh,woman,https://assets.masp.org.br/uploads/collection/dShAXiYuKn6H1tGA9gl8izcwwLQjFZyF.jpg,img/data_paintings/dShAXiYuKn6H1tGA9gl8izcwwLQjFZyF.jpg
Passeio ao crepúsculo,Vincent van Gogh,multiple_women,https://assets.masp.org.br/uploads/collection/vxnOteAWam5Zl74K0eCU5Ls7P9xVBxdv.jpg,img/data_paintings/vxnOteAWam5Zl74K0eCU5Ls7P9xVBxdv.jpg
A cachoeira do Rio Sorocaba,Benedito Calixto,multiple_men,https://assets.masp.org.br/uploads/collection/AC1fbkHqNYJHkhdjzyZJAvgdCEX9UVWV.jpg,img/data_paintings/AC1fbkHqNYJHkhdjzyZJAvgdCEX9UVWV.jpg
O vestido estampado,Édouard Vuillard,multiple_women,https://assets.masp.org.br/uploads/collection/nfO3YiiyYowcYNLCMqnGFvesS3jekKbF.jpg,img/data_paintings/nfO3YiiyYowcYNLCMqnGFvesS3jekKbF.jpg
Mulher se penteando – Duas mulheres em camisola,Henri de Toulouse-Lautrec,multiple_women,https://assets.masp.org.br/uploads/collection/LXtaU1wG7tvkMZkSd9S9qwlDBoPYAaIH.jpg,img/data_paintings/LXtaU1wG7tvkMZkSd9S9qwlDBoPYAaIH.jpg
A roda,Henri de Toulouse-Lautrec,man,https://assets.masp.org.br/uploads/collection/SmhFynWqwstGqEAKvd9G6eCRxf2bMqwt.jpg,img/data_paintings/SmhFynWqwstGqEAKvd9G6eCRxf2bMqwt.jpg
O ateliê do artista,José Malhoa,woman,https://assets.masp.org.br/uploads/collection/yTXpcOc1Mk7hrFaV2lI4S3UwwXvYxbXZ.jpg,img/data_paintings/yTXpcOc1Mk7hrFaV2lI4S3UwwXvYxbXZ.jpg
Paisagem com rio e barco ao seco em São Paulo (Ponte Grande),João Baptista Castagneto,no_people,https://assets.masp.org.br/uploads/collection/LMvsIPwubt7raYFa2sGLCRVAKlXtImve.jpg,img/data_paintings/LMvsIPwubt7raYFa2sGLCRVAKlXtImve.jpg
Nu,Eliseu Visconti,woman,https://assets.masp.org.br/uploads/collection/HSPI4eHkQ2BaKkt4wyjOgocwZz6gy1Fn.jpg,img/data_paintings/HSPI4eHkQ2BaKkt4wyjOgocwZz6gy1Fn.jpg
Paz e concórdia,Pedro Américo,multiple_men,https://assets.masp.org.br/uploads/collection/Hx9OFcCFEZLpE3aDizj7Cdcz7SRkhOBi.jpg,img/data_paintings/Hx9OFcCFEZLpE3aDizj7Cdcz7SRkhOBi.jpg
Natureza-morta com vaso e frutas,Pedro Alexandrino,woman,https://assets.masp.org.br/uploads/collection/gNaYJS2A22A80hCiTnho7UtpnNkhZqCp.jpg,img/data_paintings/gNaYJS2A22A80hCiTnho7UtpnNkhZqCp.jpg
"A convalescente, circa 1896",Eliseu Visconti,multiple_women,https://assets.masp.org.br/uploads/collection/WPQS3q8vnL81b3Q1wX6ATZWXlbDr34QM.jpg,img/data_paintings/WPQS3q8vnL81b3Q1wX6ATZWXlbDr34QM.jpg
Notícias desagradáveis,Rosalvo Ribeiro,man,https://assets.masp.org.br/uploads/collection/GkuiagtXFj63EeDYuFHkwrFFuJlbWMxD.jpg,img/data_paintings/GkuiagtXFj63EeDYuFHkwrFFuJlbWMxD.jpg
"Retrato de homem com cartola: o poeta Hanvin, o homem do fígaro",Giovanni Boldini,man,https://assets.masp.org.br/uploads/collection/dNcXvF5OlxvQgXg4AqlLqzKVWONlTjFe.jpg,img/data_paintings/dNcXvF5OlxvQgXg4AqlLqzKVWONlTjFe.jpg
Artista com luvas verdes – A cantora Dolly do Café Star de Le Havre,Henri de Toulouse-Lautrec,woman,https://assets.masp.org.br/uploads/collection/oNdnAyKmgF4Xz5PaGdHm4HJc0wHEe1so.jpg,img/data_paintings/oNdnAyKmgF4Xz5PaGdHm4HJc0wHEe1so.jpg
Interior com duas crianças,Rosalvo Ribeiro,man,https://assets.masp.org.br/uploads/collection/t94Vj7AhfmAFMpSjmwhSrmZP36ehM1P2.jpg,img/data_paintings/t94Vj7AhfmAFMpSjmwhSrmZP36ehM1P2.jpg
"Rampa do Porto do Bispo em Santos, circa 1900",Benedito Calixto,no_people,https://assets.masp.org.br/uploads/collection/1nuiZ3DLPgmSEeTVbJyvP9HfGx6OLWq2.jpg,img/data_paintings/1nuiZ3DLPgmSEeTVbJyvP9HfGx6OLWq2.jpg
Rampa do Porto do Bispo em Santos,Benedito Calixto,no_people,https://assets.masp.org.br/uploads/collection/PY7pTnvsdOYOjJR0rwIIQaiiVIPOfjFR.jpg,img/data_paintings/PY7pTnvsdOYOjJR0rwIIQaiiVIPOfjFR.jpg
Paisagem fluvial,Henri Harpignies,no_people,https://assets.masp.org.br/uploads/collection/t1GlVW8D7ijQLglLtfylcDpX8msBPqcJ.jpg,img/data_paintings/t1GlVW8D7ijQLglLtfylcDpX8msBPqcJ.jpg
Henriette Bruch Schroell,Hermann Petzet,woman,https://assets.masp.org.br/uploads/collection/V2mUgFdFKd8ISjaogcZbJSSlwpmIvn9U.jpg,img/data_paintings/V2mUgFdFKd8ISjaogcZbJSSlwpmIvn9U.jpg
Retrato de Octave Raquin,Henri de Toulouse-Lautrec,man,https://assets.masp.org.br/uploads/collection/GacBd1jcuNtky7ep6TYFVscnudPonyAm.jpg,img/data_paintings/GacBd1jcuNtky7ep6TYFVscnudPonyAm.jpg
Paul Viaud em almirante do século XVIII (o almirante Viaud),Henri de Toulouse-Lautrec,man,https://assets.masp.org.br/uploads/collection/LwL7pxqoTARuYPq6H3UsvAfy2S7ACzdm.jpg,img/data_paintings/LwL7pxqoTARuYPq6H3UsvAfy2S7ACzdm.jpg
Senhora com chápeu de palha (passeio matinal),Giovanni Boldini,woman,https://assets.masp.org.br/uploads/collection/vggKKNULTsMP5N0hxwPHWbWma4SVNttw.jpg,img/data_paintings/vggKKNULTsMP5N0hxwPHWbWma4SVNttw.jpg
Retrato de Coco (Claude Renoir),Pierre-Auguste Renoir,woman,https://assets.masp.org.br/uploads/collection/tnVkFNvao07Ni2o3JgDlGzvLFBRiYKLz.jpg,img/data_paintings/tnVkFNvao07Ni2o3JgDlGzvLFBRiYKLz.jpg
Mulher enxugando a perna esquerda,Edgar Degas,woman,https://assets.masp.org.br/uploads/collection/oHXAloOpOVIAHySsSyCVwjDSgLGRAYva.jpg,img/data_paintings/oHXAloOpOVIAHySsSyCVwjDSgLGRAYva.jpg
Interior de laboratório,José Júlio de Souza Pinto,multiple_women,https://assets.masp.org.br/uploads/collection/epbrL5CbzdHsrOef64S9BsxgZDQpOIOg.jpg,img/data_paintings/epbrL5CbzdHsrOef64S9BsxgZDQpOIOg.jpg
Retrato de Suzanne Bloch,Pablo Picasso,woman,https://assets.masp.org.br/uploads/collection/it5RS5czhm99ukST4LKdXqJfsVf4d2hP.jpg,img/data_paintings/it5RS5czhm99ukST4LKdXqJfsVf4d2hP.jpg
Quatro cabeças (Jean Renoir),Pierre-Auguste Renoir,multiple_women,https://assets.masp.org.br/uploads/collection/mVvvoLFzToymcYAI1NueYQRfhp8G7nmM.jpg,img/data_paintings/mVvvoLFzToymcYAI1NueYQRfhp8G7nmM.jpg
Toalete (Fernande),Pablo Picasso,woman,https://assets.masp.org.br/uploads/collection/fL1EHoKtUjOTmt9lmdu3cBCDbX4bGCfA.jpg,img/data_paintings/fL1EHoKtUjOTmt9lmdu3cBCDbX4bGCfA.jpg
Barco na praia,Rodolfo Chambelland,no_people,https://assets.masp.org.br/uploads/collection/BDraq7xS047fuuguS9XVLA1LSM9RDDUJ.jpg,img/data_paintings/BDraq7xS047fuuguS9XVLA1LSM9RDDUJ.jpg
"Retrato de Claude Renoir, circa 1908",Pierre-Auguste Renoir,man,https://assets.masp.org.br/uploads/collection/xdZUkDeim1jXxNQ5hy76hLDZLZ2SadZc.jpg,img/data_paintings/xdZUkDeim1jXxNQ5hy76hLDZLZ2SadZc.jpg
A dama de verde,Arthur Timótheo da Costa,woman,https://assets.masp.org.br/uploads/collection/YgTFVE5rvsAz2GZWUgaIk9MZp9djc7kP.jpg,img/data_paintings/YgTFVE5rvsAz2GZWUgaIk9MZp9djc7kP.jpg
Busto de homem (o atleta),Pablo Picasso,man,https://assets.masp.org.br/uploads/collection/1iHhVL06WUJRCR7N1NgQlLIB04fcADTw.jpg,img/data_paintings/1iHhVL06WUJRCR7N1NgQlLIB04fcADTw.jpg
Iracema,Antônio Parreiras,woman,https://assets.masp.org.br/uploads/collection/rjIQiRpWT6RIPcofoXFS8TdF21gsHf7H.jpg,img/data_paintings/rjIQiRpWT6RIPcofoXFS8TdF21gsHf7H.jpg
O Sena,Lucílio de Albuquerque,man,https://assets.masp.org.br/uploads/collection/rvvkfYqxiKQbzVy4ooXyMK8HFkwsMhbH.jpg,img/data_paintings/rvvkfYqxiKQbzVy4ooXyMK8HFkwsMhbH.jpg
"Banhista enxugando a perna direita, circa 1910",Pierre-Auguste Renoir,woman,https://assets.masp.org.br/uploads/collection/AFIU5cWX6GQ3abXmszJqXsgCOSksN32x.jpg,img/data_paintings/AFIU5cWX6GQ3abXmszJqXsgCOSksN32x.jpg
Dois cavaleiros,Mikhail Larionov,no_people,https://assets.masp.org.br/uploads/collection/0zB2llIAlwkn6pxUfMs0MDGW8tMCF1gt.jpg,img/data_paintings/0zB2llIAlwkn6pxUfMs0MDGW8tMCF1gt.jpg
O lenhador,Ferdinand Hodler,man,https://assets.masp.org.br/uploads/collection/pAVjqvUVKfEXQftq32drIHyXMHg64l7O.jpg,img/data_paintings/pAVjqvUVKfEXQftq32drIHyXMHg64l7O.jpg
Veleiros na tempestade,Max Pechstein,multiple_men,https://assets.masp.org.br/uploads/collection/l7AH9bbmsBpp0PYEEkRs2UWzqjIsxZo3.jpg,img/data_paintings/l7AH9bbmsBpp0PYEEkRs2UWzqjIsxZo3.jpg
Banhista enxugando o braço direito – Grande nu sentado,Pierre-Auguste Renoir,woman,https://assets.masp.org.br/uploads/collection/dPl77lm1x1GydemqTvXgzmGt1kl5Ipyj.jpg,img/data_paintings/dPl77lm1x1GydemqTvXgzmGt1kl5Ipyj.jpg
"Pescadores perto do Palazzo Donn'Anna em Posillipo, Nápoles",Eduardo Dalbono,multiple_women,https://assets.masp.org.br/uploads/collection/YH1vabeVpJyDfgxDPxWd9CLqNFguFo6B.jpg,img/data_paintings/YH1vabeVpJyDfgxDPxWd9CLqNFguFo6B.jpg
Retrato de Diego Rivera,Amedeo Modigliani,woman,https://assets.masp.org.br/uploads/collection/dl8DKyPPN1nF6rRhygYBnXjeFdX3B6GY.jpg,img/data_paintings/dl8DKyPPN1nF6rRhygYBnXjeFdX3B6GY.jpg
A estudante,Anita Malfatti,woman,https://assets.masp.org.br/uploads/collection/qMpcPaBnNkBQtj1CRbjM51EWmFLel0E8.jpg,img/data_paintings/qMpcPaBnNkBQtj1CRbjM51EWmFLel0E8.jpg
Retrato de Leopold Zborowski,Amedeo Modigliani,man,https://assets.masp.org.br/uploads/collection/rUceSX5a9lLwXRHCTk1d3iDLFeSDIQHu.jpg,img/data_paintings/rUceSX5a9lLwXRHCTk1d3iDLFeSDIQHu.jpg
Chakoska,Amedeo Modigliani,woman,https://assets.masp.org.br/uploads/collection/L5qMnfyMtHIWWSoxwgjbIZKJQU1KHZoP.jpg,img/data_paintings/L5qMnfyMtHIWWSoxwgjbIZKJQU1KHZoP.jpg
Madame G. van Muyden,Amedeo Modigliani,woman,https://assets.masp.org.br/uploads/collection/qAc87QQ56Mmbu9mqQlhpVd7Uf9rgQgjh.jpg,img/data_paintings/qAc87QQ56Mmbu9mqQlhpVd7Uf9rgQgjh.jpg
Renée,Amedeo Modigliani,woman,https://assets.masp.org.br/uploads/collection/QCnPlk7uHCKt5B88IoOtBIucGRTSuC9k.jpg,img/data_paintings/QCnPlk7uHCKt5B88IoOtBIucGRTSuC9k.jpg
O menino,Arthur Timótheo da Costa,woman,https://assets.masp.org.br/uploads/collection/lQGqxbuIBEsYPKNoNzd7ktspI2rdMsVI.jpg,img/data_paintings/lQGqxbuIBEsYPKNoNzd7ktspI2rdMsVI.jpg
Flores,Eliseu Visconti,multiple_women,https://assets.masp.org.br/uploads/collection/3OqmtAot0acs8QOY8COSL83eyOrME0AZ.jpg,img/data_paintings/3OqmtAot0acs8QOY8COSL83eyOrME0AZ.jpg
Retrato do desembargador Gabriel Gonçalves Gomide,John Graz,man,https://assets.masp.org.br/uploads/collection/vYzB5UBHOqxfntIhfbggXBftcWzpB6l8.jpg,img/data_paintings/vYzB5UBHOqxfntIhfbggXBftcWzpB6l8.jpg
"Lunia Czcchwska, circa 1918",Amedeo Modigliani,woman,https://assets.masp.org.br/uploads/collection/jDDpF4u0NTXxfmmwYgXJss3yqpGyT106.jpg,img/data_paintings/jDDpF4u0NTXxfmmwYgXJss3yqpGyT106.jpg
Nus,Suzanne Valadon,woman,https://assets.masp.org.br/uploads/collection/uRkSH3vw1TgzIVXhJclYyGKplHi5LzVe.jpg,img/data_paintings/uRkSH3vw1TgzIVXhJclYyGKplHi5LzVe.jpg
O torso de gesso,Henri Matisse,woman,https://assets.masp.org.br/uploads/collection/Q43TTEAKNsak2UwIHWaZzB62DBoRrsv3.jpg,img/data_paintings/Q43TTEAKNsak2UwIHWaZzB62DBoRrsv3.jpg
Marina com regata a velas e rebocador,Carlos Balliester,multiple_women,https://assets.masp.org.br/uploads/collection/9SFai6rTwg7wKPDwuGSbBdqPxkIfnw7L.jpg,img/data_paintings/9SFai6rTwg7wKPDwuGSbBdqPxkIfnw7L.jpg
A ponte japonesa sobre a lagoa das ninfeias em Giverny,Claude Monet,no_people,https://assets.masp.org.br/uploads/collection/geKNYNddyGmRI7yPN1fuG8ObSTVpc8Bi.jpg,img/data_paintings/geKNYNddyGmRI7yPN1fuG8ObSTVpc8Bi.jpg
Interior de indigentes,Lasar Segall,woman,https://assets.masp.org.br/uploads/collection/ytXRqX1TxtCH7GttfH2XS0wDTA227vFs.jpg,img/data_paintings/ytXRqX1TxtCH7GttfH2XS0wDTA227vFs.jpg
Composição – Três nus femininos,André Lhote,multiple_women,https://assets.masp.org.br/uploads/collection/73exMtw1EtEiufybhToVvYEa3rw0xEBa.jpg,img/data_paintings/73exMtw1EtEiufybhToVvYEa3rw0xEBa.jpg
Paisagem de porto,Othon Friesz,multiple_women,https://assets.masp.org.br/uploads/collection/aMnqt6pBBovDhAbbQFiOuxI9G7nBQY86.jpg,img/data_paintings/aMnqt6pBBovDhAbbQFiOuxI9G7nBQY86.jpg
Fazenda de Brejinho,João Baptista da Costa,no_people,https://assets.masp.org.br/uploads/collection/nBsbPPeVAzgUQmnJTlKXdflvaq0lqK9v.jpg,img/data_paintings/nBsbPPeVAzgUQmnJTlKXdflvaq0lqK9v.jpg
Beduíno,Rodolfo Amoedo,man,https://assets.masp.org.br/uploads/collection/McCeXRFwZA91cEWppw1n4rg5iIHDPjBk.jpg,img/data_paintings/McCeXRFwZA91cEWppw1n4rg5iIHDPjBk.jpg
Vendedor de gado,Marc Chagall,multiple_women,https://assets.masp.org.br/uploads/collection/MKI6YYLnw9jF9JJMbsjcxXM3EbETy5eK.jpg,img/data_paintings/MKI6YYLnw9jF9JJMbsjcxXM3EbETy5eK.jpg
Paisagem com canoa na margem,Alfredo Andersen,no_people,https://assets.masp.org.br/uploads/collection/F0IFPWxjWOMtzjzvdl5tPZMxxaWcw6nM.jpg,img/data_paintings/F0IFPWxjWOMtzjzvdl5tPZMxxaWcw6nM.jpg
Menino nu e tartaruga,Vicente do Rego Monteiro,man,https://assets.masp.org.br/uploads/collection/riuclbSwcm1GcPD80RP6hvTCNah9cpNO.jpg,img/data_paintings/riuclbSwcm1GcPD80RP6hvTCNah9cpNO.jpg
A compoteira de peras,Fernand Léger,multiple_women,https://assets.masp.org.br/uploads/collection/jwGosjpc6VgQjwYaeJH8mxFNgmR2KiPi.jpg,img/data_paintings/jwGosjpc6VgQjwYaeJH8mxFNgmR2KiPi.jpg
Autorretrato,Victor Brecheret,man,https://assets.masp.org.br/uploads/collection/oOmtMxhrbMXlVx1kxMNfueR4IqBGukA7.jpg,img/data_paintings/oOmtMxhrbMXlVx1kxMNfueR4IqBGukA7.jpg
Retrato de Gianfranco Contini aos dezesseis anos e uma marinha,Filippo de Pisis,man,https://assets.masp.org.br/uploads/collection/yMGcYs7Jzj1uEkAaww79ytLVWIaAlkt8.jpg,img/data_paintings/yMGcYs7Jzj1uEkAaww79ytLVWIaAlkt8.jpg
Paisagem urbana,Rudolf Jacobi,multiple_people,https://assets.masp.org.br/uploads/collection/MvP6uqhSdVga5XqKYuvZCEh0pA5DapXL.jpg,img/data_paintings/MvP6uqhSdVga5XqKYuvZCEh0pA5DapXL.jpg
Cinco moças de Guaratinguetá,Emiliano Di Cavalcanti,multiple_women,https://assets.masp.org.br/uploads/collection/Gaqi28lXnpFUdGbi3oGHleENbXlxKHlu.jpg,img/data_paintings/Gaqi28lXnpFUdGbi3oGHleENbXlxKHlu.jpg
Senhora sentada (a conversa),Giovanni Boldini,woman,https://assets.masp.org.br/uploads/collection/tmBDeBZtUhUIBuApvySQPfiYCxAJHLAH.jpg,img/data_paintings/tmBDeBZtUhUIBuApvySQPfiYCxAJHLAH.jpg
A renúncia de ser rei – Aclamação de Amador Bueno,Oscar Pereira da Silva,multiple_people,https://assets.masp.org.br/uploads/collection/cxmGGWBSGulI0fibI2yA6YA6nKHMzKCr.jpg,img/data_paintings/cxmGGWBSGulI0fibI2yA6YA6nKHMzKCr.jpg
Nu feminino deitado,Flávio de Carvalho,woman,https://assets.masp.org.br/uploads/collection/dOvJ1mb0mXzIEQKaCMMMPcZx4etlkJmR.jpg,img/data_paintings/dOvJ1mb0mXzIEQKaCMMMPcZx4etlkJmR.jpg
"Busto do Poeta Felippe Daudt d’Oliveira, da série Os Retratos",Candido Portinari,man,https://assets.masp.org.br/uploads/collection/ucIoaxVzkFN0CMuKPHF728nFNi4hsCCe.jpg,img/data_paintings/ucIoaxVzkFN0CMuKPHF728nFNi4hsCCe.jpg
O lavrador de café,Candido Portinari,man,https://assets.masp.org.br/uploads/collection/k3Si2GZdIUf7aumoDG5TircajN5MRG8N.jpg,img/data_paintings/k3Si2GZdIUf7aumoDG5TircajN5MRG8N.jpg
"O senhor Queiroz Lima, da série Os Retratos",Candido Portinari,man,https://assets.masp.org.br/uploads/collection/QpFzuoh4J1tu3xAQXnczUS04yXTHlGfS.jpg,img/data_paintings/QpFzuoh4J1tu3xAQXnczUS04yXTHlGfS.jpg
Sacré-Coeur de Montmartre e Château des Brouillards,Maurice Utrillo,no_people,https://assets.masp.org.br/uploads/collection/pTrsIjSgLSQeYAwgFrq2D9AfHt8P58X1.jpg,img/data_paintings/pTrsIjSgLSQeYAwgFrq2D9AfHt8P58X1.jpg
Guitarrista e duas figuras femininas,Marie Laurencin,multiple_women,https://assets.masp.org.br/uploads/collection/0pZRFHPrq7rZfaFVZKHfKcOSCLl2lAsK.jpg,img/data_paintings/0pZRFHPrq7rZfaFVZKHfKcOSCLl2lAsK.jpg
A sala azul de Trent Park,Winston Churchill,woman,https://assets.masp.org.br/uploads/collection/FjgXC7F6QnJl60NxNbiCHCK7MMrLbJ2x.jpg,img/data_paintings/FjgXC7F6QnJl60NxNbiCHCK7MMrLbJ2x.jpg
"Rabat, a ponta das Oudaïas",Albert Marquet,multiple_women,https://assets.masp.org.br/uploads/collection/BkaxM7CsiC8E6yK85yXEIsuhRwl5n88w.jpg,img/data_paintings/BkaxM7CsiC8E6yK85yXEIsuhRwl5n88w.jpg
Varredores de rua (os garis),Carlos Prado,multiple_men,https://assets.masp.org.br/uploads/collection/ZxrLkt4L9sbViKFkBsheWasSJBozpB9R.jpg,img/data_paintings/ZxrLkt4L9sbViKFkBsheWasSJBozpB9R.jpg
"Retrato de Ináh Prudente de Moraes, da série Os Retratos",Candido Portinari,woman,https://assets.masp.org.br/uploads/collection/rdmzc4OhUxNxv55UIfppQGUtAkdzX5bG.jpg,img/data_paintings/rdmzc4OhUxNxv55UIfppQGUtAkdzX5bG.jpg
Composição – Interior com figuras femininas,André Lhote,multiple_women,https://assets.masp.org.br/uploads/collection/8yjwD9SlrL0TD3ewNLqxIvgwtuQrvlIO.jpg,img/data_paintings/8yjwD9SlrL0TD3ewNLqxIvgwtuQrvlIO.jpg
Fuzileiro naval,Roberto Burle Marx,man,https://assets.masp.org.br/uploads/collection/PbVJVCJZL4htwsc62iRjcbcp6sjEUD0U.jpg,img/data_paintings/PbVJVCJZL4htwsc62iRjcbcp6sjEUD0U.jpg
Moças do Boulevard Raspail,Noemia Mourão,multiple_women,https://assets.masp.org.br/uploads/collection/8qWJdw7uSbgEswlhJ27kDoHnAsOj1XCp.jpg,img/data_paintings/8qWJdw7uSbgEswlhJ27kDoHnAsOj1XCp.jpg
São Francisco,Candido Portinari,man,https://assets.masp.org.br/uploads/collection/MtfyN3o4PCjXcS1L83OjoC1sWrDpC0bp.jpg,img/data_paintings/MtfyN3o4PCjXcS1L83OjoC1sWrDpC0bp.jpg
Autorretrato com marreta,José Pancetti,man,https://assets.masp.org.br/uploads/collection/iDbOF104k9Zx2qAdVLklMfTitKV48Y5q.jpg,img/data_paintings/iDbOF104k9Zx2qAdVLklMfTitKV48Y5q.jpg
"O último baluarte – A ira das mães, da série Bíblica",Candido Portinari,multiple_women,https://assets.masp.org.br/uploads/collection/Onre912TJdyNd0ag8qpvKlZWNEADSzC5.jpg,img/data_paintings/Onre912TJdyNd0ag8qpvKlZWNEADSzC5.jpg
Briga de cachorros,Carybé,multiple_women,https://assets.masp.org.br/uploads/collection/YQxKdSs3mWU5GrHB8mkJEqZ5vf5Lf5sp.jpg,img/data_paintings/YQxKdSs3mWU5GrHB8mkJEqZ5vf5Lf5sp.jpg
A grande árvore,Chaïm Soutine,man,https://assets.masp.org.br/uploads/collection/1h6PV6XQC9L7PWuX2brnRoT0hE4WFnfu.jpg,img/data_paintings/1h6PV6XQC9L7PWuX2brnRoT0hE4WFnfu.jpg
Guerra,Lasar Segall,multiple_men,https://assets.masp.org.br/uploads/collection/Mfh3gGXPxbxRSEcc82yAsoQBM3ii3xOa.jpg,img/data_paintings/Mfh3gGXPxbxRSEcc82yAsoQBM3ii3xOa.jpg
"Duas amigas, circa 1943",Ernesto De Fiori,woman,https://assets.masp.org.br/uploads/collection/F3Xn1M9CSXKAvUGrrSsukY4g18cRT7gT.jpg,img/data_paintings/F3Xn1M9CSXKAvUGrrSsukY4g18cRT7gT.jpg
"A justiça de Salomão, da série Bíblica",Candido Portinari,multiple_women,https://assets.masp.org.br/uploads/collection/zcnuBd9ZFE83BB9nk6W5uYTWYSRPJk9E.jpg,img/data_paintings/zcnuBd9ZFE83BB9nk6W5uYTWYSRPJk9E.jpg
"O sacrifício de Abrahão, da série Bíblica",Candido Portinari,multiple_women,https://assets.masp.org.br/uploads/collection/cXY0J8h7oIzlWA6XzQiMiLyOS1th6nQa.jpg,img/data_paintings/cXY0J8h7oIzlWA6XzQiMiLyOS1th6nQa.jpg
"O Massacre dos Inocentes, da série Bíblica",Candido Portinari,multiple_women,https://assets.masp.org.br/uploads/collection/XhvWvfYrKXEe5nhLjTlBUVq6y2oBl27b.jpg,img/data_paintings/XhvWvfYrKXEe5nhLjTlBUVq6y2oBl27b.jpg
"As trombetas de Jericó, da série Bíblica",Candido Portinari,multiple_women,https://assets.masp.org.br/uploads/collection/U2UtvQbSnjptuz51IZfgMgbbChb2lkdL.jpg,img/data_paintings/U2UtvQbSnjptuz51IZfgMgbbChb2lkdL.jpg
"Eremita penitente, ou o profeta, da série Bíblica",Candido Portinari,man,https://assets.masp.org.br/uploads/collection/foEFOppDnBq016ejmvMGMBBVWxTwDL2f.jpg,img/data_paintings/foEFOppDnBq016ejmvMGMBBVWxTwDL2f.jpg
Marinha com rebocador,Ernesto De Fiori,no_people,https://assets.masp.org.br/uploads/collection/oivJQfavy4Vky4m2lYtCoJfs9EQYvrXg.jpg,img/data_paintings/oivJQfavy4Vky4m2lYtCoJfs9EQYvrXg.jpg
Retrato do pintor Takaoka,Kenjiro Masuda,man,https://assets.masp.org.br/uploads/collection/lXfoPECNDjfSMGY30Z8hjNnqlQNxY9tI.jpg,img/data_paintings/lXfoPECNDjfSMGY30Z8hjNnqlQNxY9tI.jpg
O carregador (Las ilusiones),Diego Rivera,man,https://assets.masp.org.br/uploads/collection/lGxfikp7hYhZIC47vwsYFvxnPPRyB0kw.jpg,img/data_paintings/lGxfikp7hYhZIC47vwsYFvxnPPRyB0kw.jpg
"Retirantes, da série Retirantes",Candido Portinari,no_people,https://assets.masp.org.br/uploads/collection/3FFz5caVWlPQT5P5XkQ2m3qpZS4sva8O.jpg,img/data_paintings/3FFz5caVWlPQT5P5XkQ2m3qpZS4sva8O.jpg
"Enterro na rede, da série Retirantes",Candido Portinari,multiple_men,https://assets.masp.org.br/uploads/collection/reRVjCdE9RTDsvXbxMbiVZAidEiyQpQJ.jpg,img/data_paintings/reRVjCdE9RTDsvXbxMbiVZAidEiyQpQJ.jpg
"Criança morta, da série Retirantes",Candido Portinari,multiple_women,https://assets.masp.org.br/uploads/collection/oBGN49CIRSGx2IZGMUApFX5G9pHsa8aR.jpg,img/data_paintings/oBGN49CIRSGx2IZGMUApFX5G9pHsa8aR.jpg
"O pranto de Jeremias, da série Bíblica",Candido Portinari,multiple_women,https://assets.masp.org.br/uploads/collection/NA4NzjsGnR8Xi2sGattwKdHUGain7xhS.jpg,img/data_paintings/NA4NzjsGnR8Xi2sGattwKdHUGain7xhS.jpg
"A ressurreição de Lázaro, da série Bíblica",Candido Portinari,multiple_women,https://assets.masp.org.br/uploads/collection/4FSqPcKfgToO1BhRA1l9YJqMLWPjTf96.jpg,img/data_paintings/4FSqPcKfgToO1BhRA1l9YJqMLWPjTf96.jpg
Paisagem,Ernesto De Fiori,no_people,https://assets.masp.org.br/uploads/collection/Q5Ppik6GoGq7Fc6Nhe4ZL5lGUT8nsiDq.jpg,img/data_paintings/Q5Ppik6GoGq7Fc6Nhe4ZL5lGUT8nsiDq.jpg
"A senhora Aimée, da série Os Retratos",Candido Portinari,woman,https://assets.masp.org.br/uploads/collection/JtYHw63mHkC6yf7F8eCmyabyG6FZpXGx.jpg,img/data_paintings/JtYHw63mHkC6yf7F8eCmyabyG6FZpXGx.jpg
Flores de verão em um vaso,Nadia Benois,multiple_women,https://assets.masp.org.br/uploads/collection/JAGOl5fNnhzHLsXpJGfiRwP4N4y9Gkzr.jpg,img/data_paintings/JAGOl5fNnhzHLsXpJGfiRwP4N4y9Gkzr.jpg
Frutas (marmelos sobre fundo azul),Leonard Benatov,no_people,https://assets.masp.org.br/uploads/collection/FxtIddi2egsTfAM9HCRASvH7JxO0LHiF.jpg,img/data_paintings/FxtIddi2egsTfAM9HCRASvH7JxO0LHiF.jpg
Composição com meia lua,Alexander Calder,no_people,https://assets.masp.org.br/uploads/collection/yHy2LSyhX0QQMK4lxl8SyPgvVEYs9aBz.jpg,img/data_paintings/yHy2LSyhX0QQMK4lxl8SyPgvVEYs9aBz.jpg
Composição com fundo amarelo e vermelho,Alexander Calder,multiple_women,https://assets.masp.org.br/uploads/collection/kDZvp98rqALYrUSsAQeCMvQCqqA3318y.jpg,img/data_paintings/kDZvp98rqALYrUSsAQeCMvQCqqA3318y.jpg
Bryce Canion Translation,Max Ernst,multiple_people,https://assets.masp.org.br/uploads/collection/xgrp4tQjvmweEvMvHRmBbCyFqNj1yphD.jpg,img/data_paintings/xgrp4tQjvmweEvMvHRmBbCyFqNj1yphD.jpg
Taça da dúvida (Coupe du doute),Victor Brauner,multiple_women,https://assets.masp.org.br/uploads/collection/fYTdugpdlYlGkzTXHJwkRnphyoeO8io4.jpg,img/data_paintings/fYTdugpdlYlGkzTXHJwkRnphyoeO8io4.jpg
Composição,Arcangelo Ianelli,no_people,https://assets.masp.org.br/uploads/collection/w4hNN75CLCpGQBrmxPUNAsd4KlnR5gZ9.jpg,img/data_paintings/w4hNN75CLCpGQBrmxPUNAsd4KlnR5gZ9.jpg
Composição,Alexander Calder,woman,https://assets.masp.org.br/uploads/collection/sFov1ju1xgaLaCTYGxuwA43iunl7XbfE.jpg,img/data_paintings/sFov1ju1xgaLaCTYGxuwA43iunl7XbfE.jpg
Vendedora de flores,Djanira da Motta e Silva,multiple_women,https://assets.masp.org.br/uploads/collection/se9j3g2W4Ry197TbB9IAacFY4JLMSNz4.jpg,img/data_paintings/se9j3g2W4Ry197TbB9IAacFY4JLMSNz4.jpg
Harmonia em vermelho-branco-preto,Wols,woman,https://assets.masp.org.br/uploads/collection/CqLhGXZbEGi4pE8AN2p6MIVhJYO2djTU.jpg,img/data_paintings/CqLhGXZbEGi4pE8AN2p6MIVhJYO2djTU.jpg
Os semeadores,Diego Rivera,woman,https://assets.masp.org.br/uploads/collection/wzMuu6Pxjaemh5x7tvGkZKOrrk1CgbXV.jpg,img/data_paintings/wzMuu6Pxjaemh5x7tvGkZKOrrk1CgbXV.jpg
Homens serrando toras,José Antônio da Silva,multiple_men,https://assets.masp.org.br/uploads/collection/cIgnk6SiXRbJysJ5hKl0JEUYLivz2Stz.jpg,img/data_paintings/cIgnk6SiXRbJysJ5hKl0JEUYLivz2Stz.jpg
Flagelação de um negro,José Antônio da Silva,multiple_people,https://assets.masp.org.br/uploads/collection/U4NYiuYD6AzTWcATB8CSUz7H1MtI2EtD.jpg,img/data_paintings/U4NYiuYD6AzTWcATB8CSUz7H1MtI2EtD.jpg
Colheita de algodão,José Antônio da Silva,multiple_women,https://assets.masp.org.br/uploads/collection/ihVHgHAWxalzdsaKcMhniqXdgWRrhOXW.jpg,img/data_paintings/ihVHgHAWxalzdsaKcMhniqXdgWRrhOXW.jpg
"Paisagem, da Série Mata",Benedito Calixto,no_people,https://assets.masp.org.br/uploads/collection/nw2Zb92TtVNPlTtRUfxCaXdqzfbjaoOJ.jpg,img/data_paintings/nw2Zb92TtVNPlTtRUfxCaXdqzfbjaoOJ.jpg
Marinha com rochas,Jean-Baptiste Joseph Olive,no_people,https://assets.masp.org.br/uploads/collection/nav218s6OFbkp76QOqFjjpiGAyfmN1bQ.jpg,img/data_paintings/nav218s6OFbkp76QOqFjjpiGAyfmN1bQ.jpg
Xapiri Thuëyoma a ithu pihia tëhë yanomae thë pree. Thuëyoma ithorayu kama yanomae thëpe praɨaɨ në aipëaɨ kuapënaha a ithoimaɨ tëhë a pree kuimaɨ. A xapiri heerii xoaki tëhë kama yanomae thëp,Joseca Yanomami,multiple_women,https://assets.masp.org.br/uploads/collection/6BaJpiyXLAVFjzI0jFugbxYYxGLisqfK.jpg,img/data_paintings/6BaJpiyXLAVFjzI0jFugbxYYxGLisqfK.jpg
Angústia (a mãe do artista),David Alfaro Siqueiros,woman,https://assets.masp.org.br/uploads/collection/t3EFPNs753QjIJc8Ioij85exl4RUtDJ8.jpg,img/data_paintings/t3EFPNs753QjIJc8Ioij85exl4RUtDJ8.jpg
Presságio (Angélica Arenal de Siqueiros),David Alfaro Siqueiros,woman,https://assets.masp.org.br/uploads/collection/cLyCGpkfl60SBnRZSBtAyhVZ0XNuKr6n.jpg,img/data_paintings/cLyCGpkfl60SBnRZSBtAyhVZ0XNuKr6n.jpg
Paisagem de Ouro Preto,Alberto da Veiga Guignard,no_people,https://assets.masp.org.br/uploads/collection/TR6bEZqxVlAyboDyOiLETjo4IoQZ77Jq.jpg,img/data_paintings/TR6bEZqxVlAyboDyOiLETjo4IoQZ77Jq.jpg
Paisagem de Sabará,Alberto da Veiga Guignard,no_people,https://assets.masp.org.br/uploads/collection/OQvYqzlYbYhxMPR9BMkRfdESijjcAHrN.jpg,img/data_paintings/OQvYqzlYbYhxMPR9BMkRfdESijjcAHrN.jpg
Retrato de menina (Ana Maria),Wega Nery,woman,https://assets.masp.org.br/uploads/collection/csUYUOwPKfJE5MZAeASD5O6czjBkB1cX.jpg,img/data_paintings/csUYUOwPKfJE5MZAeASD5O6czjBkB1cX.jpg
Veado e corça (cerf et biche),Vicente do Rego Monteiro,no_people,https://assets.masp.org.br/uploads/collection/gulJF9tE9K3MqgNkrmcN1b6pg6yBqM5p.jpg,img/data_paintings/gulJF9tE9K3MqgNkrmcN1b6pg6yBqM5p.jpg
Formas articuladas,Graham Sutherland,multiple_women,https://assets.masp.org.br/uploads/collection/ZP3bp8rAGH8Ovn3RWUoUjbLIX7WvPu8D.jpg,img/data_paintings/ZP3bp8rAGH8Ovn3RWUoUjbLIX7WvPu8D.jpg
"Yamanayomanɨ thë urihi karukaɨ xoao tëhë wamotima thëpë raruu totihio tëhëma thëã. Yamanayoma a [Quando Yamanayoma, o espírito feminino da abelha, continua andando com seus passos curtos e fi",Joseca Yanomami,no_people,https://assets.masp.org.br/uploads/collection/khYgd0J2YqI1mDcGhbJNyt8RCQwGUCOk.jpg,img/data_paintings/khYgd0J2YqI1mDcGhbJNyt8RCQwGUCOk.jpg
Retrato de identidade do almirante Nelson,Graham Sutherland,man,https://assets.masp.org.br/uploads/collection/AyztkAwm3Mtx5AjaQvjB4XbfPDsvSsHv.jpg,img/data_paintings/AyztkAwm3Mtx5AjaQvjB4XbfPDsvSsHv.jpg
Composição – Garçom,Karel Appel,woman,https://assets.masp.org.br/uploads/collection/yQ3ZtIWlpEKCPhffjB952kaZqhsYDAUq.jpg,img/data_paintings/yQ3ZtIWlpEKCPhffjB952kaZqhsYDAUq.jpg
Palco III,Charlotta Adlerová,man,https://assets.masp.org.br/uploads/collection/FzMQXMkAW9L2r6PCpSXIelagJQTUArVW.jpg,img/data_paintings/FzMQXMkAW9L2r6PCpSXIelagJQTUArVW.jpg
"Kami xapiri Marokoayoma ya urihipë hamë raxasipë waroho kua, yokoto a pree prauku pra. Kami Marokoayoma ɨnaha ya yahipë kuë, kuë yaro, ai yanomae thëpënë ware xapiri ithomaɨ hëtë, raxa waroho",Joseca Yanomami,no_people,https://assets.masp.org.br/uploads/collection/cujZJvuoXiLvOjXRaLa6nIZKdIt8TqFI.jpg,img/data_paintings/cujZJvuoXiLvOjXRaLa6nIZKdIt8TqFI.jpg
Roupa ao Sol,Carlos Botelho,multiple_women,https://assets.masp.org.br/uploads/collection/Ef6IqOxjY3BmWEwp0z1tVouLkXNi2hA2.jpg,img/data_paintings/Ef6IqOxjY3BmWEwp0z1tVouLkXNi2hA2.jpg
Fachada com bandeiras,Alfredo Volpi,multiple_women,https://assets.masp.org.br/uploads/collection/Rusx4ZnahUCLAYBpWaQZoiOKoEErXO4f.jpg,img/data_paintings/Rusx4ZnahUCLAYBpWaQZoiOKoEErXO4f.jpg
Objeto ativo,Willys de Castro,no_people,https://assets.masp.org.br/uploads/collection/1gqEVDYKZ6rUkB1SM8p6mV4IPZyjWs7B.jpg,img/data_paintings/1gqEVDYKZ6rUkB1SM8p6mV4IPZyjWs7B.jpg
Studio I,Joe Tilson,no_people,https://assets.masp.org.br/uploads/collection/54K5tAgjbzudtCBIMMwwhf3M5A4YVh62.jpg,img/data_paintings/54K5tAgjbzudtCBIMMwwhf3M5A4YVh62.jpg
Projeto de vitral,John Piper,multiple_women,https://assets.masp.org.br/uploads/collection/ZZQeTSm777y78brYBsVi3yZ8JzjLFmc3.jpg,img/data_paintings/ZZQeTSm777y78brYBsVi3yZ8JzjLFmc3.jpg
Rosa da esperança,Wega Nery,multiple_women,https://assets.masp.org.br/uploads/collection/4WqX6HnsQymVq5hcmU1aRyFcVBatUocB.jpg,img/data_paintings/4WqX6HnsQymVq5hcmU1aRyFcVBatUocB.jpg
George Orwell,Peter Blake,man,https://assets.masp.org.br/uploads/collection/PvdUTFFNbNOtN8N1R9V2TJrSXk3fLLzT.jpg,img/data_paintings/PvdUTFFNbNOtN8N1R9V2TJrSXk3fLLzT.jpg
Composição em amarelo,Tomie Ohtake,no_people,https://assets.masp.org.br/uploads/collection/WG6q0raCTX1DL5oZvjbTlTG09C6ehZZK.jpg,img/data_paintings/WG6q0raCTX1DL5oZvjbTlTG09C6ehZZK.jpg
O jagunço,Aldemir Martins,man,https://assets.masp.org.br/uploads/collection/Ca49jbkfpmxwMsCEHOngQkLzFMCRcOdL.jpg,img/data_paintings/Ca49jbkfpmxwMsCEHOngQkLzFMCRcOdL.jpg
Composição,Alexander Calder,no_people,https://assets.masp.org.br/uploads/collection/rCkz1sR73N40xIPQ2eC6vhx60jP12kXV.jpg,img/data_paintings/rCkz1sR73N40xIPQ2eC6vhx60jP12kXV.jpg
Repressão,Claudio Tozzi,multiple_women,https://assets.masp.org.br/uploads/collection/ofSss94TKHY3MHxdMxoKUyyW9Lnf38js.jpg,img/data_paintings/ofSss94TKHY3MHxdMxoKUyyW9Lnf38js.jpg
Composição em cinza e rosa,Samson Flexor,woman,https://assets.masp.org.br/uploads/collection/rA4cAaAuqwbpWPqBkWrtmPDzltvoGIuL.jpg,img/data_paintings/rA4cAaAuqwbpWPqBkWrtmPDzltvoGIuL.jpg
Capoeira,Maria Auxiliadora da Silva,multiple_women,https://assets.masp.org.br/uploads/collection/202ZGhTMX6VNSulEdlQ2plZhFTWG4B5g.jpg,img/data_paintings/202ZGhTMX6VNSulEdlQ2plZhFTWG4B5g.jpg
MASP,Agostinho Batista de Freitas,multiple_people,https://assets.masp.org.br/uploads/collection/CQ3irEJwqNDiwdBKo9ocPuOfrMYrIMP2.jpg,img/data_paintings/CQ3irEJwqNDiwdBKo9ocPuOfrMYrIMP2.jpg
A árvore,Wega Nery,multiple_women,https://assets.masp.org.br/uploads/collection/AyCDT0ZY9YgQpKs4t5aapUeUgL65mUGa.jpg,img/data_paintings/AyCDT0ZY9YgQpKs4t5aapUeUgL65mUGa.jpg
Bananas e cordas 3,Antonio Henrique Amaral,man,https://assets.masp.org.br/uploads/collection/00miPrQ1aJ3YRlTqyd42qLrhsImwfw6U.jpg,img/data_paintings/00miPrQ1aJ3YRlTqyd42qLrhsImwfw6U.jpg
Velório da noiva,Maria Auxiliadora da Silva,multiple_women,https://assets.masp.org.br/uploads/collection/mxL585Rv39VmRfOXnFufgO6lQBtHl8kZ.jpg,img/data_paintings/mxL585Rv39VmRfOXnFufgO6lQBtHl8kZ.jpg
Índios Xavantes na Missão São Marcos,Sepp Baendereck,multiple_men,https://assets.masp.org.br/uploads/collection/qHXjxYcCPJ4NqcAV2AcrNysyTCc5rnzW.jpg,img/data_paintings/qHXjxYcCPJ4NqcAV2AcrNysyTCc5rnzW.jpg
Christiane e Anabelle,Liane Chammas,multiple_women,https://assets.masp.org.br/uploads/collection/6q5VYPXc9DKiG7C3jksZYRGaplDnSqau.jpg,img/data_paintings/6q5VYPXc9DKiG7C3jksZYRGaplDnSqau.jpg
Lindo lindo lindo,José Antônio da Silva,no_people,https://assets.masp.org.br/uploads/collection/tThV4ZlEds9NU3bYvkHzxaEct3vK6Jqp.jpg,img/data_paintings/tThV4ZlEds9NU3bYvkHzxaEct3vK6Jqp.jpg
Superposição de retângulos,Arcangelo Ianelli,no_people,https://assets.masp.org.br/uploads/collection/ohYuomXibK9yu0y4c2OvU2RdCEYpBTe3.jpg,img/data_paintings/ohYuomXibK9yu0y4c2OvU2RdCEYpBTe3.jpg
Retrato de Camões,José de Guimarães,woman,https://assets.masp.org.br/uploads/collection/lQREKeDGXoTwaNbKPjlXTIr1RGJAHvzf.jpg,img/data_paintings/lQREKeDGXoTwaNbKPjlXTIr1RGJAHvzf.jpg
Proposição emblemática X,Hércules Barsotti,no_people,https://assets.masp.org.br/uploads/collection/kk0g35NnqKHGUfNYxNRjgtPiF2zfunrS.jpg,img/data_paintings/kk0g35NnqKHGUfNYxNRjgtPiF2zfunrS.jpg
Família,Svend Wiig Hansen,multiple_women,https://assets.masp.org.br/uploads/collection/WBBi35460nzX6kgTuI43qQRk9AwwZLI3.jpg,img/data_paintings/WBBi35460nzX6kgTuI43qQRk9AwwZLI3.jpg
Através do espelho mágico (Pietro Maria Bardi),Wesley Duke Lee,multiple_women,https://assets.masp.org.br/uploads/collection/c9GzOvnmPaXXktDDsCtraXvhbppbEgr3.jpg,img/data_paintings/c9GzOvnmPaXXktDDsCtraXvhbppbEgr3.jpg
Sem título,Wanda Pimentel,woman,https://assets.masp.org.br/uploads/collection/d57YnzlNyDVeHPjYgOWIUEYCyagZcXac.jpg,img/data_paintings/d57YnzlNyDVeHPjYgOWIUEYCyagZcXac.jpg
Azul no sonho,Wega Nery,multiple_women,https://assets.masp.org.br/uploads/collection/SJP9SVmQi3z82ctRjga1NIg9LxTY5fWq.jpg,img/data_paintings/SJP9SVmQi3z82ctRjga1NIg9LxTY5fWq.jpg
"Ɨnaha xapiri yamakɨ Pãrinapë kuë paxi. Kami xapiri yamakɨ uprahataapëha, kami xapiri yamakɨ uprao pëha yamahɨ urihipë xamiimi, totihi yamakɨ urihipë. Kuë yaro, kami xapiri yamakɨ praɨaɨ tëhë,",Joseca Yanomami,no_people,https://assets.masp.org.br/uploads/collection/W7cVjxTYcChq8zejQmjurDr4O2U0ySl0.jpg,img/data_paintings/W7cVjxTYcChq8zejQmjurDr4O2U0ySl0.jpg
Memória: fragmentações,Valdir Sarubbi,multiple_women,https://assets.masp.org.br/uploads/collection/XHz7d3UPalHtUYeLV0wGOk2zhg2SIa4X.jpg,img/data_paintings/XHz7d3UPalHtUYeLV0wGOk2zhg2SIa4X.jpg
Professor Bardi,José Roberto Aguilar,woman,https://assets.masp.org.br/uploads/collection/eqK9O3JWSA3bh8cPUd5mSGzpJp8KFnCQ.jpg,img/data_paintings/eqK9O3JWSA3bh8cPUd5mSGzpJp8KFnCQ.jpg
"Yawarioma kupë [Os caminhos pelos quais descem os espíritos das águas Yawarioma são muito abertos e pavorosamente claros; é este espírito que puxa todos os outros, por isso seus caminhos se m",Joseca Yanomami,no_people,https://assets.masp.org.br/uploads/collection/a8WHJDGNqsYeyR6qQVdULLArqiBaPBXJ.jpg,img/data_paintings/a8WHJDGNqsYeyR6qQVdULLArqiBaPBXJ.jpg
Hwei yanomae aka xapirimare xapiri waroha epë ithuu hikiama kure yanomae yamakɨ mamuku porepë yaro yama epë thaprai bõrãmae pë pihi kure thëpë xiro yarëɨ yaro [Muitos espíritos descem para es,Joseca Yanomami,multiple_people,https://assets.masp.org.br/uploads/collection/WrPOycC9JBLFSYEwJRKm6m5epZDHcUeG.jpg,img/data_paintings/WrPOycC9JBLFSYEwJRKm6m5epZDHcUeG.jpg
Traqueotomia,Alex Flemming,multiple_women,https://assets.masp.org.br/uploads/collection/JptjHrtvR0ObpypST6C9d2h7fSqazEE7.jpg,img/data_paintings/JptjHrtvR0ObpypST6C9d2h7fSqazEE7.jpg
Autorretrato verde,Meta (Mari Carmem Hernández),woman,https://assets.masp.org.br/uploads/collection/iTUBmG3QRJrruyz1GYItgvBlordqclSz.jpg,img/data_paintings/iTUBmG3QRJrruyz1GYItgvBlordqclSz.jpg
Cabeça de cadeira,Gil Vicente,man,https://assets.masp.org.br/uploads/collection/Wbq1EW7HOieVq2wEPI1GrOxYVNU8WrV4.jpg,img/data_paintings/Wbq1EW7HOieVq2wEPI1GrOxYVNU8WrV4.jpg
"Sem título, da série O que vi pela tevê",Siron Franco,no_people,https://assets.masp.org.br/uploads/collection/ohEAQ5JTH2IIFHy6vn7yVzduM02nD4Vs.jpg,img/data_paintings/ohEAQ5JTH2IIFHy6vn7yVzduM02nD4Vs.jpg
Fragmentação de paisagem verde-folha,Aldir Mendes de Souza,no_people,https://assets.masp.org.br/uploads/collection/VhuUi1yqxfuFsko8UbsfX0Or6kmtMF6p.jpg,img/data_paintings/VhuUi1yqxfuFsko8UbsfX0Or6kmtMF6p.jpg
"O pintor Belmiro de Almeida, Sem data",José Ferraz de Almeida Júnior,man,https://assets.masp.org.br/uploads/collection/L1SjUKE1nJ7YWpqIkWsYzhpbGVrzRZK8.jpg,img/data_paintings/L1SjUKE1nJ7YWpqIkWsYzhpbGVrzRZK8.jpg
"Retrato de senhora, Sem data",Paul Chabas,woman,https://assets.masp.org.br/uploads/collection/6nnFTVEQvGsBCX4nML0o2Nvf9ygULum5.jpg,img/data_paintings/6nnFTVEQvGsBCX4nML0o2Nvf9ygULum5.jpg
"Ninfa loira, Sem data",Paul Chabas,woman,https://assets.masp.org.br/uploads/collection/lhsjaWYXg3OZRk9SWhWiKhorLmBrW71M.jpg,img/data_paintings/lhsjaWYXg3OZRk9SWhWiKhorLmBrW71M.jpg
Terras,Amelia Toledo,multiple_women,https://assets.masp.org.br/uploads/collection/w5MfNl818Eja5lffDndsLC9MVLEji1BW.jpg,img/data_paintings/w5MfNl818Eja5lffDndsLC9MVLEji1BW.jpg
Nu no sofá (Leila),Boi (José Carlos Cezar Ferreira),woman,https://assets.masp.org.br/uploads/collection/PFnDvtk9IoSzlf1u6tmUg7ULldHhW897.jpg,img/data_paintings/PFnDvtk9IoSzlf1u6tmUg7ULldHhW897.jpg
"Carnaval de salão, circa 1975",Marina Caram,multiple_women,https://assets.masp.org.br/uploads/collection/lfkGMsuadXo9yAXGTfpfaG3P29qxge9m.jpg,img/data_paintings/lfkGMsuadXo9yAXGTfpfaG3P29qxge9m.jpg
Abertura,Yolanda Mohalyi,multiple_women,https://assets.masp.org.br/uploads/collection/c6O4kCotpZfMKBVQRpUQfRfKE6LO8kEK.jpg,img/data_paintings/c6O4kCotpZfMKBVQRpUQfRfKE6LO8kEK.jpg
O herói,Anna Maria Maiolino,man,https://assets.masp.org.br/uploads/collection/MlvM5D7WdLo0EP5HN2WZzWapnebt1GK1.jpg,img/data_paintings/MlvM5D7WdLo0EP5HN2WZzWapnebt1GK1.jpg
Projeto de vitral,John Piper,multiple_women,https://assets.masp.org.br/uploads/collection/tR1ru6qCv5QIrzXn2kJpTiqqChHWHGEX.jpg,img/data_paintings/tR1ru6qCv5QIrzXn2kJpTiqqChHWHGEX.jpg
"Pintura 167, circa 1956",Willys de Castro,multiple_women,https://assets.masp.org.br/uploads/collection/Kz2tlQZ71rXWrOFfppEPIq6ssJYCa85F.jpg,img/data_paintings/Kz2tlQZ71rXWrOFfppEPIq6ssJYCa85F.jpg
Arquitetura pentacular,Victor Brauner,multiple_people,https://assets.masp.org.br/uploads/collection/7Hz2nx6jmC7MRhegn8jBi89HkeBTdi9X.jpg,img/data_paintings/7Hz2nx6jmC7MRhegn8jBi89HkeBTdi9X.jpg
"São Jorge e o dragão, Sem data",Ernesto De Fiori,woman,https://assets.masp.org.br/uploads/collection/uYDIncrjWUeD6uckyGBAsNhEEYol5YX2.jpg,img/data_paintings/uYDIncrjWUeD6uckyGBAsNhEEYol5YX2.jpg
"Represa, Sem data",Ernesto De Fiori,multiple_women,https://assets.masp.org.br/uploads/collection/ZvvBFjmAdkcl9G1rEBs9Lz9FRV0qlQAD.jpg,img/data_paintings/ZvvBFjmAdkcl9G1rEBs9Lz9FRV0qlQAD.jpg
"Terraço, Sem data",Ernesto De Fiori,no_people,https://assets.masp.org.br/uploads/collection/xRpCnq6P0hGZ7MmuslOuFEYty1ktauyU.jpg,img/data_paintings/xRpCnq6P0hGZ7MmuslOuFEYty1ktauyU.jpg
"A igrejinha, Sem data",Ernesto De Fiori,no_people,https://assets.masp.org.br/uploads/collection/cklxS2xau5zCX7JtUwG71ig9RifqO8kq.jpg,img/data_paintings/cklxS2xau5zCX7JtUwG71ig9RifqO8kq.jpg
"Rua de aldeia, circa 1940",Maurice de Vlaminck,man,https://assets.masp.org.br/uploads/collection/ApCrlf6Vq1yeh91sBGcYdDVIkDbBreP7.jpg,img/data_paintings/ApCrlf6Vq1yeh91sBGcYdDVIkDbBreP7.jpg
"Marinha com veleiros, circa 1935",Maurice de Vlaminck,no_people,https://assets.masp.org.br/uploads/collection/KdBMd7Zg2JIWc4rAlhqB64eR9ozTMgiE.jpg,img/data_paintings/KdBMd7Zg2JIWc4rAlhqB64eR9ozTMgiE.jpg
"Paisagem hibernal (Garage), circa 1928",Maurice de Vlaminck,no_people,https://assets.masp.org.br/uploads/collection/Dkcu0CBNdgpaYryye4HPIes8wCjOIBC0.jpg,img/data_paintings/Dkcu0CBNdgpaYryye4HPIes8wCjOIBC0.jpg
Vento de julho e a luz do Sol,Charles Burchfield,no_people,https://assets.masp.org.br/uploads/collection/cmBVkLUDgF4gGKla1eOCbElZywQuTws2.jpg,img/data_paintings/cmBVkLUDgF4gGKla1eOCbElZywQuTws2.jpg
Arranha-céus,Menotti Del Picchia,no_people,https://assets.masp.org.br/uploads/collection/5fC7FdZvb0xV32j2gZgMTrAfZQuBieSd.jpg,img/data_paintings/5fC7FdZvb0xV32j2gZgMTrAfZQuBieSd.jpg
Nu feminino,Pierre Bonnard,woman,https://assets.masp.org.br/uploads/collection/xE6y7yz5L4FHaACWunFlDAdXSLsyS6D0.jpg,img/data_paintings/xE6y7yz5L4FHaACWunFlDAdXSLsyS6D0.jpg
Porto com navios na Bretanha,Gerrit van Blaaderen,multiple_women,https://assets.masp.org.br/uploads/collection/CvhCbVhTOnIpNz6lgy2I9tU0FrIrdQ33.jpg,img/data_paintings/CvhCbVhTOnIpNz6lgy2I9tU0FrIrdQ33.jpg
"A princesa Bibesco, circa 1920",Édouard Vuillard,woman,https://assets.masp.org.br/uploads/collection/DkYqrmXxvNAxFnjlqrh48u6ClgRAsICw.jpg,img/data_paintings/DkYqrmXxvNAxFnjlqrh48u6ClgRAsICw.jpg
"Yvonne Printemps e Sacha Guitry, circa 1917",Édouard Vuillard,multiple_women,https://assets.masp.org.br/uploads/collection/lwzNmnfuYUqQf4aT15YSJ8fteArWztzM.jpg,img/data_paintings/lwzNmnfuYUqQf4aT15YSJ8fteArWztzM.jpg
Rua de aldeia,Henry de Waroquier,no_people,https://assets.masp.org.br/uploads/collection/7haggUMLi9mBbeFC3WJCQLTr3PYKueU4.jpg,img/data_paintings/7haggUMLi9mBbeFC3WJCQLTr3PYKueU4.jpg
"Paisagem de Petrópolis (bosque com riacho), Sem data",João Baptista da Costa,no_people,https://assets.masp.org.br/uploads/collection/PxFiaV5vF7Ijl9lFW0fMGKU7VlqzW2l2.jpg,img/data_paintings/PxFiaV5vF7Ijl9lFW0fMGKU7VlqzW2l2.jpg
Natureza-morta,Panfilo Nuvolone,woman,https://assets.masp.org.br/uploads/collection/BYmwBcQinuyMIVeuyRRwwrWLXyRUaODY.jpg,img/data_paintings/BYmwBcQinuyMIVeuyRRwwrWLXyRUaODY.jpg
Paisagem da Bretanha (Village Breton Belle-Île),Henri Matisse,no_people,https://assets.masp.org.br/uploads/collection/msEArbvLdGE4KwS435vpuxBhidqxxcGt.jpg,img/data_paintings/msEArbvLdGE4KwS435vpuxBhidqxxcGt.jpg
Igreja em Terrassa,Joaquín Torres-García,no_people,https://assets.masp.org.br/uploads/collection/sjNgRyqoUflTaL57TRgdzFbi8nr0dqWz.jpg,img/data_paintings/sjNgRyqoUflTaL57TRgdzFbi8nr0dqWz.jpg
Paisagem com castelo – Vista de Saint-Arg Lapopie,Henri Martin,multiple_women,https://assets.masp.org.br/uploads/collection/Q7oQ7BE60tDtNiUarMn1NcNj4KzO6Ufd.jpg,img/data_paintings/Q7oQ7BE60tDtNiUarMn1NcNj4KzO6Ufd.jpg
Rua de aldeia,Edmond Marie Petitjean,multiple_people,https://assets.masp.org.br/uploads/collection/E53sYbdfFv0GqYWto2Jlf2pxhI4QUuPn.jpg,img/data_paintings/E53sYbdfFv0GqYWto2Jlf2pxhI4QUuPn.jpg
"Monsieur Louis Pascal visto de costas, circa 1893",Henri de Toulouse-Lautrec,man,https://assets.masp.org.br/uploads/collection/g0Vk5SdKiJZmxXmmy9AngIbHzwSGYju7.jpg,img/data_paintings/g0Vk5SdKiJZmxXmmy9AngIbHzwSGYju7.jpg
"O divã, circa 1893",Henri de Toulouse-Lautrec,multiple_women,https://assets.masp.org.br/uploads/collection/KsTTI88OCtQp6w6VjuHFdtRzM7NyO1un.jpg,img/data_paintings/KsTTI88OCtQp6w6VjuHFdtRzM7NyO1un.jpg
"O cão (esboço de Touc?), circa 1880",Henri de Toulouse-Lautrec,man,https://assets.masp.org.br/uploads/collection/3rBDyY5QfWhuoaIOsDShncM0GaRWZXUX.jpg,img/data_paintings/3rBDyY5QfWhuoaIOsDShncM0GaRWZXUX.jpg
Paisagem,Gaetano Previati,multiple_men,https://assets.masp.org.br/uploads/collection/1DppSn7RITJ8JoRNgAvXFwe9TxYZGpX4.jpg,img/data_paintings/1DppSn7RITJ8JoRNgAvXFwe9TxYZGpX4.jpg
"Natureza-morta com morangos, Sem data",Pedro Alexandrino,no_people,https://assets.masp.org.br/uploads/collection/2akqU2g8O3T0MRQesvxJDgvrEqS44pTd.jpg,img/data_paintings/2akqU2g8O3T0MRQesvxJDgvrEqS44pTd.jpg
Rosa e lilás,Dominique Hubert Rozier,woman,https://assets.masp.org.br/uploads/collection/PJxrqfknVynppHBEpVKxzHCwqaX9ZRky.jpg,img/data_paintings/PJxrqfknVynppHBEpVKxzHCwqaX9ZRky.jpg
"Paisagem rústica com ponte e casas, Sem data",José Ferraz de Almeida Júnior,multiple_women,https://assets.masp.org.br/uploads/collection/pYn2boIBxo47aNA1RGlOUPFxbofcajXK.jpg,img/data_paintings/pYn2boIBxo47aNA1RGlOUPFxbofcajXK.jpg
Marinha perto de Marselha (Aldeia Fantástica),Adolphe Monticelli,multiple_women,https://assets.masp.org.br/uploads/collection/Zuf01S2YbADzeweqGdoCCB8djX4i93Eg.jpg,img/data_paintings/Zuf01S2YbADzeweqGdoCCB8djX4i93Eg.jpg
Rua de aldeia,Antoine Vollon,woman,https://assets.masp.org.br/uploads/collection/ODbZ59pzCO2HvXEAgKbHB9IuxSlKrdzS.jpg,img/data_paintings/ODbZ59pzCO2HvXEAgKbHB9IuxSlKrdzS.jpg
Duas vacas,Alexandre Defaux,multiple_women,https://assets.masp.org.br/uploads/collection/ZR6m5MQiGowTOvvc9xkRlM8Lmnnf313X.jpg,img/data_paintings/ZR6m5MQiGowTOvvc9xkRlM8Lmnnf313X.jpg
"Paisagem com fonte, circa 1860",Charles de Tournemine,no_people,https://assets.masp.org.br/uploads/collection/K7772BV5a6CE6IVpzarA4fSVChnZ5IFG.jpg,img/data_paintings/K7772BV5a6CE6IVpzarA4fSVChnZ5IFG.jpg
Duas cabeças,Honoré Daumier,man,https://assets.masp.org.br/uploads/collection/I62meMLdmwM0cEsfjiOmOZFnvEpDFPTb.jpg,img/data_paintings/I62meMLdmwM0cEsfjiOmOZFnvEpDFPTb.jpg
"Pedra Mãe d'Água (paisagem da Tijuca), circa 1850",Félix Émile Taunay,no_people,https://assets.masp.org.br/uploads/collection/xbXdrS5XT1Hz3dl7n9M1icUA8WRy25CJ.jpg,img/data_paintings/xbXdrS5XT1Hz3dl7n9M1icUA8WRy25CJ.jpg
"Paisagem de campo, com cavalo e figura feminina",Desconhecido,no_people,https://assets.masp.org.br/uploads/collection/TvzJkcygWQblPb7BBW5hubpsvd69qqG5.jpg,img/data_paintings/TvzJkcygWQblPb7BBW5hubpsvd69qqG5.jpg
Figura de moça,François Boucher (Círculo de),woman,https://assets.masp.org.br/uploads/collection/X61m4WHALFW2xY1BigrDBipJGJLoXIw1.jpg,img/data_paintings/X61m4WHALFW2xY1BigrDBipJGJLoXIw1.jpg
Virgem de Copacabana,Desconhecido (Escola do Collao),multiple_men,https://assets.masp.org.br/uploads/collection/x79ZobtCc7FTg7BHuEC1TVB9gIqXDzuq.jpg,img/data_paintings/x79ZobtCc7FTg7BHuEC1TVB9gIqXDzuq.jpg
Paisagem com salteadores de estrada,Desconhecido (Pintor flamengo-napolitano,multiple_men,https://assets.masp.org.br/uploads/collection/2UjDFnaL7FbYSpGGyiZsD7mKsF8vs8bS.jpg,img/data_paintings/2UjDFnaL7FbYSpGGyiZsD7mKsF8vs8bS.jpg
Paisagem com cavaleiros,Desconhecido (Pintor flamengo-holandês),multiple_men,https://assets.masp.org.br/uploads/collection/CNE6hEp7Cm29fPJxB6qRamROioYM4tlP.jpg,img/data_paintings/CNE6hEp7Cm29fPJxB6qRamROioYM4tlP.jpg
Sagrada família com são João Batista criança,Desconhecido (Pintor emiliano),multiple_women,https://assets.masp.org.br/uploads/collection/O5mTeRt2CRoWXXEjTDIYgJqVPpbqf5jR.jpg,img/data_paintings/O5mTeRt2CRoWXXEjTDIYgJqVPpbqf5jR.jpg
A esmola (são Gil?),Desconhecido (Pintor flamengo),multiple_men,https://assets.masp.org.br/uploads/collection/KGo0N4oPqGGiNsNoaePGp4TZqHy64Dq3.jpg,img/data_paintings/KGo0N4oPqGGiNsNoaePGp4TZqHy64Dq3.jpg
"Virgem com o Menino, são João Batista criança e um anjo",Piero di Cosimo,woman,https://assets.masp.org.br/uploads/collection/CTs1mEnKWYD4K5MGxWrA0lYhwaoc1bEZ.jpg,img/data_paintings/CTs1mEnKWYD4K5MGxWrA0lYhwaoc1bEZ.jpg
Adoração dos pastores,Jacopo da Ponte Bassano,multiple_women,https://assets.masp.org.br/uploads/collection/2y53GD0QHBiyCbPX4zY6ljfZyWj0uIwh.jpg,img/data_paintings/Adoração dos pastores.jpg
"Retrato de Mademoiselle Léomenie Brienne, Marquise de Roualt Gamache, Sem data",Pierre Mignard (Ateliê ou seguidor de),woman,https://assets.masp.org.br/uploads/collection/ZLBLt6Ixpg6JXnCJUCNDbiv1uzmiI5iP.jpg,img/data_paintings/ZLBLt6Ixpg6JXnCJUCNDbiv1uzmiI5iP.jpg
"Friedericke Phillipine Bruch, Século 18",Desconhecido (Pintor alemão),woman,https://assets.masp.org.br/uploads/collection/LBKi3Y2YzVuT0WnzjdV77jYkoGamUylP.jpg,img/data_paintings/LBKi3Y2YzVuT0WnzjdV77jYkoGamUylP.jpg
"Ernst Christian Wilhelm Bruch, Século 19",Desconhecido (Pintor alemão),man,https://assets.masp.org.br/uploads/collection/Iuid9KFRhb98Fd80GpJFgZJGn0o8ZZlR.jpg,img/data_paintings/Iuid9KFRhb98Fd80GpJFgZJGn0o8ZZlR.jpg
"São Marcos, Século 15-16",Desconhecido (Pintor toscano),woman,https://assets.masp.org.br/uploads/collection/pgvsN8GZOCi3insMiAPeafN3lbQ0Vot6.jpg,img/data_paintings/pgvsN8GZOCi3insMiAPeafN3lbQ0Vot6.jpg
"Seitaka-Doji (acólito de Fudo Myo-o), Período Edo Inicial",Civilização japonesa,woman,https://assets.masp.org.br/uploads/collection/7LDrKvoNTXsq5T4fMlVGXOs7uVDpQYKR.jpg,img/data_paintings/7LDrKvoNTXsq5T4fMlVGXOs7uVDpQYKR.jpg
"Kongara-Doji (acólito de Fudo Myo-o), Período Edo Inicial",Civilização japonesa,woman,https://assets.masp.org.br/uploads/collection/gS8TGCNXYuo0Gds49AoOeoDtSutDij5x.jpg,img/data_paintings/gS8TGCNXYuo0Gds49AoOeoDtSutDij5x.jpg
Nossa Senhora dos Remédios,Desconhecido (Escola de Cuzco),multiple_men,https://assets.masp.org.br/uploads/collection/yBi0vZ6b8RInng1wSTSlxsc4SJUiUaRu.jpg,img/data_paintings/yBi0vZ6b8RInng1wSTSlxsc4SJUiUaRu.jpg
"Paisagem com fuga para o Egito, Século 17",Desconhecido (Pintor holandês),no_people,https://assets.masp.org.br/uploads/collection/GUgkJmln2B7KnKssNyDmKBQLRzBdb3pT.jpg,img/data_paintings/GUgkJmln2B7KnKssNyDmKBQLRzBdb3pT.jpg
"Retrato de Henry Chamberlain, Século 19",Desconhecido (Pintor inglês),man,https://assets.masp.org.br/uploads/collection/hAXmhXZTnI5cpDUOrVDEqUG7Eo9Kt9Fk.jpg,img/data_paintings/hAXmhXZTnI5cpDUOrVDEqUG7Eo9Kt9Fk.jpg
Panorama da Baía de Guanabara,Emeric Essex Vidal,multiple_men,https://assets.masp.org.br/uploads/collection/xbKVjnj10oWN9PfsHqZ9sTviDrEfEfRr.jpg,img/data_paintings/xbKVjnj10oWN9PfsHqZ9sTviDrEfEfRr.jpg
Paisagem da campanha romana,Nicolas Antoine Taunay,no_people,https://assets.masp.org.br/uploads/collection/IP7jcDx3ypvu8fhgBW72UDFdiFfISK5c.jpg,img/data_paintings/IP7jcDx3ypvu8fhgBW72UDFdiFfISK5c.jpg
A Virgem amamentando o Menino,Pompeo Batoni,woman,https://assets.masp.org.br/uploads/collection/uhaSQnUOYW6YMMgK4J91ABpGgo1taVGD.jpg,img/data_paintings/uhaSQnUOYW6YMMgK4J91ABpGgo1taVGD.jpg
"Alegoria da sabedoria e da força – A escolha de Hércules ou Hércules e Ônfale, circa 1750",François Boucher,woman,https://assets.masp.org.br/uploads/collection/PbvXvfCZSGxkWdt2118CNO8k8ucXtdzN.jpg,img/data_paintings/PbvXvfCZSGxkWdt2118CNO8k8ucXtdzN.jpg
Paisagem com pastores,Alessandro Magnasco,multiple_people,https://assets.masp.org.br/uploads/collection/zSQZjoKZZx2rRW2mMBxuoUrBwQAcmdWs.jpg,img/data_paintings/zSQZjoKZZx2rRW2mMBxuoUrBwQAcmdWs.jpg
"Retrato do duque de Pastrana, circa 1670",Juan Carreño de Miranda,man,https://assets.masp.org.br/uploads/collection/LQCZjR02PZe5mQc9o5nwlpzQjIstekhG.jpg,img/data_paintings/LQCZjR02PZe5mQc9o5nwlpzQjIstekhG.jpg
Moisés e as filhas de Jetro,Ciro Ferri,multiple_men,https://assets.masp.org.br/uploads/collection/FidFNNtLcLR1fomRaDYiQyVw4Q6D4DhQ.jpg,img/data_paintings/FidFNNtLcLR1fomRaDYiQyVw4Q6D4DhQ.jpg
Santa Catarina de Alexandria,Bartolomé Esteban Murillo,woman,https://assets.masp.org.br/uploads/collection/Bnu1DWwGv8uYK5obU4uBdhiyTUF3AIMP.jpg,img/data_paintings/Bnu1DWwGv8uYK5obU4uBdhiyTUF3AIMP.jpg
Adoração dos pastores,Bartolomeo Passante,multiple_men,https://assets.masp.org.br/uploads/collection/AYSSTRVypdF8nNlbePuCXZxqUQ2BwiyF.jpg,img/data_paintings/AYSSTRVypdF8nNlbePuCXZxqUQ2BwiyF.jpg
Suicídio de Lucrécia,Guido Reni (Ateliê),woman,https://assets.masp.org.br/uploads/collection/dwGTXMTnbVx8dVkiLSlgs9pSmq767tN0.jpg,img/data_paintings/dwGTXMTnbVx8dVkiLSlgs9pSmq767tN0.jpg
Cena mitológica (Cronos admoesta Eros na presença de Vênus e Marte),Guercino,multiple_women,https://assets.masp.org.br/uploads/collection/qANbCd7PDFMnEzR5ckzTYsUmCieXRPIG.jpg,img/data_paintings/qANbCd7PDFMnEzR5ckzTYsUmCieXRPIG.jpg
Marte e Vênus com uma roda de cupidos e paisagem,Carlo Saraceni,multiple_women,https://assets.masp.org.br/uploads/collection/uQXinmIClsiKwDyOk8ONvrlBhNErlVdr.jpg,img/data_paintings/uQXinmIClsiKwDyOk8ONvrlBhNErlVdr.jpg
Paisagem de outono na Holanda,Jacob van Mosscher,no_people,https://assets.masp.org.br/uploads/collection/GDEZFg6T82GH5Wh9s7vfhL5sccDO60Le.jpg,img/data_paintings/GDEZFg6T82GH5Wh9s7vfhL5sccDO60Le.jpg
Interior de uma catedral em Antuérpia,"Pieter Neeffs, o Jovem",no_people,https://assets.masp.org.br/uploads/collection/qNjEBpswmJYS4CE0Pb82Ciofh0jVnJ8a.jpg,img/data_paintings/qNjEBpswmJYS4CE0Pb82Ciofh0jVnJ8a.jpg
"Pátio com galinhas, galo e cachorro",Jan van Oolen,man,https://assets.masp.org.br/uploads/collection/TorTmMtrrcKNI7Xp6Q519OWCGAChEqj1.jpg,img/data_paintings/TorTmMtrrcKNI7Xp6Q519OWCGAChEqj1.jpg
Adoração dos pastores,Jacopo da Ponte Bassano,multiple_women,https://assets.masp.org.br/uploads/collection/2y53GD0QHBiyCbPX4zY6ljfZyWj0uIwh.jpg,img/data_paintings/2y53GD0QHBiyCbPX4zY6ljfZyWj0uIwh.jpg
Ecce Homo ou Pilatos apresenta Cristo à multidão,Jacopo Tintoretto,multiple_men,https://assets.masp.org.br/uploads/collection/QH18bZvmZDlUpy8FUlbWK0nHyCuag26p.jpg,img/data_paintings/QH18bZvmZDlUpy8FUlbWK0nHyCuag26p.jpg
"O poeta Henry Howard, conde de Surrey, circa 1542",Hans Holbein. o Jovem,man,https://assets.masp.org.br/uploads/collection/KNK8pFmml2UHUOrudX1MhPAsmJsMT41l.jpg,img/data_paintings/KNK8pFmml2UHUOrudX1MhPAsmJsMT41l.jpg
Virgem com o Menino e são João Batista criança,Francesco Francia,woman,https://assets.masp.org.br/uploads/collection/8PuYZJq4b2yI1WyXF0Xk21m14mPm860P.jpg,img/data_paintings/8PuYZJq4b2yI1WyXF0Xk21m14mPm860P.jpg
"Ecce Homo. Cristo morto no sarcófago como ""Vir Dolorum""",Niccolò di Liberatore (chamado L'Alunno),man,https://assets.masp.org.br/uploads/collection/M1toC6F0hbdrOOCMcKkQiuhPZbyZOdaD.jpg,img/data_paintings/M1toC6F0hbdrOOCMcKkQiuhPZbyZOdaD.jpg
"Madona em adoração do Menino Jesus e um anjo, circa 1475",Biagio d'Antonio,woman,https://assets.masp.org.br/uploads/collection/XOSRMOTB5DduHObwo0BhrHjkrlApasmf.jpg,img/data_paintings/XOSRMOTB5DduHObwo0BhrHjkrlApasmf.jpg
Virgem com o Menino Jesus,Desconhecido | Jacopo del Sellaio,woman,https://assets.masp.org.br/uploads/collection/3gjaxbahFW84cUVnQ4yfMtWRz0Gcjlyw.jpg,img/data_paintings/3gjaxbahFW84cUVnQ4yfMtWRz0Gcjlyw.jpg
Madona com o Menino no trono e quatro santos,Maestro del 1416,multiple_women,https://assets.masp.org.br/uploads/collection/p9Bh4mhH5Pn2pW63fcYnRVDfLlxJ1BRV.jpg,img/data_paintings/p9Bh4mhH5Pn2pW63fcYnRVDfLlxJ1BRV.jpg
Adoração dos reis magos,Paolo Serafini da Modena,multiple_women,https://assets.masp.org.br/uploads/collection/eQcQmbwIjpbQ4TPbC5Y2dOdypXv9Vi3Z.jpg,img/data_paintings/eQcQmbwIjpbQ4TPbC5Y2dOdypXv9Vi3Z.jpg
Virgem com o Menino Jesus,Maestro di San Martino alla Palma,woman,https://assets.masp.org.br/uploads/collection/JqjeXAyxlCKbuYDhvzN3y9mYb3FuexHb.jpg,img/data_paintings/JqjeXAyxlCKbuYDhvzN3y9mYb3FuexHb.jpg
"George IV como príncipe-regente com as insígnias da Ordem da Jarreteira, Sem data",Thomas Lawrence,man,https://assets.masp.org.br/uploads/collection/Mx85Ip5E0KKUeUxK2jxPb1M9Ivof78i4.jpg,img/data_paintings/Mx85Ip5E0KKUeUxK2jxPb1M9Ivof78i4.jpg
"Cena de café (retrato de Benito Mussolini?), Sem data",John Henri Deluc,multiple_men,https://assets.masp.org.br/uploads/collection/ZRG2nxW0MzoFMkp3o73ljOLC5cTZoA7B.jpg,img/data_paintings/ZRG2nxW0MzoFMkp3o73ljOLC5cTZoA7B.jpg
"Perto do Sena, Sem data",Jean-Constant-Raymond Renefer,no_people,https://assets.masp.org.br/uploads/collection/yM3aXpG5KcUGZrV4ljDIixl9JLXeTk7E.jpg,img/data_paintings/yM3aXpG5KcUGZrV4ljDIixl9JLXeTk7E.jpg
"Paisagem de montanha, Sem data",Augustin Salinas y Teruel,no_people,https://assets.masp.org.br/uploads/collection/VcLbsSOZvSh8a5yHi7clyp5buPBDpyiW.jpg,img/data_paintings/VcLbsSOZvSh8a5yHi7clyp5buPBDpyiW.jpg
"Pescadores da Bretanha, Sem data",Enrique Martínez Cubells,multiple_women,https://assets.masp.org.br/uploads/collection/cekD4UZONiz6XDHeDZexCztj0FaoUpXP.jpg,img/data_paintings/cekD4UZONiz6XDHeDZexCztj0FaoUpXP.jpg
"Raquel Meller no relicário, Sem data",Carlos Vázquez,woman,https://assets.masp.org.br/uploads/collection/khh5JjnNjLMXCgHn4W5V3NkPB6FaLixr.jpg,img/data_paintings/khh5JjnNjLMXCgHn4W5V3NkPB6FaLixr.jpg
"Marinha com veleiros, Sem data",Erwin Günter,multiple_men,https://assets.masp.org.br/uploads/collection/wU1C6UNcazq6hVvE7hIgLcRi25sMkZKQ.jpg,img/data_paintings/wU1C6UNcazq6hVvE7hIgLcRi25sMkZKQ.jpg
"Sol sobre a Bahia, Sem data",Wolf Reuther,multiple_women,https://assets.masp.org.br/uploads/collection/z3HZua71CTS8l741EJmDZ6UPrkGk883V.jpg,img/data_paintings/z3HZua71CTS8l741EJmDZ6UPrkGk883V.jpg
"Pós-escrito – A guerra secreta de Josephine Baker, Sem data",R. B. Kitaj,no_people,https://assets.masp.org.br/uploads/collection/E8l7KeVAzZPDSD3lM4lZxed8vhTjYeN4.jpg,img/data_paintings/E8l7KeVAzZPDSD3lM4lZxed8vhTjYeN4.jpg
"Três prelados (ou as festas natalinas), Sem data",Juan Pablo Salinas,multiple_men,https://assets.masp.org.br/uploads/collection/o1QiOtt0LFNNcgE8uy5Suyk593Rl2gkc.jpg,img/data_paintings/o1QiOtt0LFNNcgE8uy5Suyk593Rl2gkc.jpg
"Guarda real inglesa a cavalo, Sem data",Paul Maze,no_people,https://assets.masp.org.br/uploads/collection/ctewi3tRSUbdWPxqVNg9WyKqUu9N6EZ2.jpg,img/data_paintings/ctewi3tRSUbdWPxqVNg9WyKqUu9N6EZ2.jpg
"Parada da guarda real inglesa em Londres, Sem data",Paul Maze,multiple_women,https://assets.masp.org.br/uploads/collection/jrnu9MscpqYFu0kHA4VmsMMw2rYpcrYK.jpg,img/data_paintings/jrnu9MscpqYFu0kHA4VmsMMw2rYpcrYK.jpg
"Veados no parque de Boughton, Sem data",Paul Maze,no_people,https://assets.masp.org.br/uploads/collection/H5aS29tdTZ4iwVNSK6m26VNAisGXxLtf.jpg,img/data_paintings/H5aS29tdTZ4iwVNSK6m26VNAisGXxLtf.jpg
"A desolada, Sem data",Pedro Weingärtner,woman,https://assets.masp.org.br/uploads/collection/e79xopNrdrypcIkeDe0MmBrbucFUp4N3.jpg,img/data_paintings/e79xopNrdrypcIkeDe0MmBrbucFUp4N3.jpg
"Retrato de senhora, Sem data",Jean-Gabriel Domergue,woman,https://assets.masp.org.br/uploads/collection/sXxsZpYuIkv6mwtWTg2mgefVVNoiL5He.jpg,img/data_paintings/sXxsZpYuIkv6mwtWTg2mgefVVNoiL5He.jpg
"Autorretrato, Sem data",Jorge Mori,man,https://assets.masp.org.br/uploads/collection/ho8B9DyVUqRqzMtAqObldkcymeZyiOcG.jpg,img/data_paintings/ho8B9DyVUqRqzMtAqObldkcymeZyiOcG.jpg
"Monsaraz, Portugal, Sem data",Sergio Telles,no_people,https://assets.masp.org.br/uploads/collection/QEa9vo7vyXzjNVnnu2CWfLKFxp7wvcYQ.jpg,img/data_paintings/QEa9vo7vyXzjNVnnu2CWfLKFxp7wvcYQ.jpg
"Índios atravessando um riacho, Sem data",Agostino Brunias,multiple_men,https://assets.masp.org.br/uploads/collection/BAAS4GEhJF5tHQFbURXyjjt0vyZgCvQK.jpg,img/data_paintings/BAAS4GEhJF5tHQFbURXyjjt0vyZgCvQK.jpg
Oxosse na sua caçada,Rafael Borjes de Oliveira,no_people,https://assets.masp.org.br/uploads/collection/9ndFA6h8fdie10uIg8dFzyD6HDZ1zdLc.jpg,img/data_paintings/9ndFA6h8fdie10uIg8dFzyD6HDZ1zdLc.jpg
